caminho_relativo,split,classe,largura,altura,formato
train/def_front/cast_def_0_361.jpeg,train,def_front,512,512,JPEG
train/def_front/cast_def_0_8639.jpeg,train,def_front,512,512,JPEG
train/def_front/cast_def_0_4995.jpeg,train,def_front,512,512,JPEG
train/def_front/cast_def_0_5221.jpeg,train,def_front,512,512,JPEG
train/def_front/cast_def_0_4748.jpeg,train,def_front,512,512,JPEG
train/def_front/cast_def_0_1705.jpeg,train,def_front,512,512,JPEG
train/def_front/cast_def_0_9879.jpeg,train,def_front,512,512,JPEG
train/def_front/cast_def_0_6874.jpeg,train,def_front,512,512,JPEG
train/def_front/cast_def_0_5302.jpeg,train,def_front,512,512,JPEG
train/def_front/cast_def_0_9320.jpeg,train,def_front,512,512,JPEG
train/def_front/cast_def_0_6724.jpeg,train,def_front,512,512,JPEG
train/def_front/cast_def_0_4697.jpeg,train,def_front,512,512,JPEG
train/def_front/cast_def_0_114.jpeg,train,def_front,512,512,JPEG
train/def_front/cast_def_0_6531.jpeg,train,def_front,512,512,JPEG
train/def_front/cast_def_0_4815.jpeg,train,def_front,512,512,JPEG
train/def_front/cast_def_0_8615.jpeg,train,def_front,512,512,JPEG
train/def_front/cast_def_0_8519.jpeg,train,def_front,512,512,JPEG
train/def_front/cast_def_0_2820.jpeg,train,def_front,512,512,JPEG
train/def_front/cast_def_0_7217.jpeg,train,def_front,512,512,JPEG
train/def_front/cast_def_0_7520.jpeg,train,def_front,512,512,JPEG
train/def_front/cast_def_0_6023.jpeg,train,def_front,512,512,JPEG
train/def_front/cast_def_0_9836.jpeg,train,def_front,512,512,JPEG
train/def_front/cast_def_0_572.jpeg,train,def_front,512,512,JPEG
train/def_front/cast_def_0_1772.jpeg,train,def_front,512,512,JPEG
train/def_front/cast_def_0_5971.jpeg,train,def_front,512,512,JPEG
train/def_front/cast_def_0_6929.jpeg,train,def_front,512,512,JPEG
train/def_front/cast_def_0_3756.jpeg,train,def_front,512,512,JPEG
train/def_front/cast_def_0_4904.jpeg,train,def_front,512,512,JPEG
train/def_front/cast_def_0_3223.jpeg,train,def_front,512,512,JPEG
train/def_front/cast_def_0_7039.jpeg,train,def_front,512,512,JPEG
train/def_front/cast_def_0_3114.jpeg,train,def_front,512,512,JPEG
train/def_front/cast_def_0_4158.jpeg,train,def_front,512,512,JPEG
train/def_front/cast_def_0_3831.jpeg,train,def_front,512,512,JPEG
train/def_front/cast_def_0_4109.jpeg,train,def_front,512,512,JPEG
train/def_front/cast_def_0_9498.jpeg,train,def_front,512,512,JPEG
train/def_front/cast_def_0_7596.jpeg,train,def_front,512,512,JPEG
train/def_front/cast_def_0_7549.jpeg,train,def_front,512,512,JPEG
train/def_front/cast_def_0_3812.jpeg,train,def_front,512,512,JPEG
train/def_front/cast_def_0_4106.jpeg,train,def_front,512,512,JPEG
train/def_front/cast_def_0_8817.jpeg,train,def_front,512,512,JPEG
train/def_front/cast_def_0_4228.jpeg,train,def_front,512,512,JPEG
train/def_front/cast_def_0_3487.jpeg,train,def_front,512,512,JPEG
train/def_front/cast_def_0_7599.jpeg,train,def_front,512,512,JPEG
train/def_front/cast_def_0_7601.jpeg,train,def_front,512,512,JPEG
train/def_front/cast_def_0_7142.jpeg,train,def_front,512,512,JPEG
train/def_front/cast_def_0_8348.jpeg,train,def_front,512,512,JPEG
train/def_front/cast_def_0_3311.jpeg,train,def_front,512,512,JPEG
train/def_front/cast_def_0_8396.jpeg,train,def_front,512,512,JPEG
train/def_front/cast_def_0_9175.jpeg,train,def_front,512,512,JPEG
train/def_front/cast_def_0_4229.jpeg,train,def_front,512,512,JPEG
train/def_front/cast_def_0_5867.jpeg,train,def_front,512,512,JPEG
train/def_front/cast_def_0_5430.jpeg,train,def_front,512,512,JPEG
train/def_front/cast_def_0_5240.jpeg,train,def_front,512,512,JPEG
train/def_front/cast_def_0_7797.jpeg,train,def_front,512,512,JPEG
train/def_front/cast_def_0_7793.jpeg,train,def_front,512,512,JPEG
train/def_front/cast_def_0_8142.jpeg,train,def_front,512,512,JPEG
train/def_front/cast_def_0_7384.jpeg,train,def_front,512,512,JPEG
train/def_front/cast_def_0_42.jpeg,train,def_front,512,512,JPEG
train/def_front/cast_def_0_8948.jpeg,train,def_front,512,512,JPEG
train/def_front/cast_def_0_1609.jpeg,train,def_front,512,512,JPEG
train/def_front/cast_def_0_188.jpeg,train,def_front,512,512,JPEG
train/def_front/cast_def_0_7275.jpeg,train,def_front,512,512,JPEG
train/def_front/cast_def_0_9637.jpeg,train,def_front,512,512,JPEG
train/def_front/cast_def_0_5360.jpeg,train,def_front,512,512,JPEG
train/def_front/cast_def_0_9755.jpeg,train,def_front,512,512,JPEG
train/def_front/cast_def_0_4171.jpeg,train,def_front,512,512,JPEG
train/def_front/cast_def_0_9615.jpeg,train,def_front,512,512,JPEG
train/def_front/cast_def_0_4780.jpeg,train,def_front,512,512,JPEG
train/def_front/cast_def_0_5712.jpeg,train,def_front,512,512,JPEG
train/def_front/cast_def_0_1662.jpeg,train,def_front,512,512,JPEG
train/def_front/cast_def_0_2320.jpeg,train,def_front,512,512,JPEG
train/def_front/cast_def_0_9480.jpeg,train,def_front,512,512,JPEG
train/def_front/cast_def_0_4971.jpeg,train,def_front,512,512,JPEG
train/def_front/cast_def_0_4615.jpeg,train,def_front,512,512,JPEG
train/def_front/cast_def_0_896.jpeg,train,def_front,512,512,JPEG
train/def_front/cast_def_0_7684.jpeg,train,def_front,512,512,JPEG
train/def_front/cast_def_0_9873.jpeg,train,def_front,512,512,JPEG
train/def_front/cast_def_0_2576.jpeg,train,def_front,512,512,JPEG
train/def_front/cast_def_0_3992.jpeg,train,def_front,512,512,JPEG
train/def_front/cast_def_0_6538.jpeg,train,def_front,512,512,JPEG
train/def_front/cast_def_0_4708.jpeg,train,def_front,512,512,JPEG
train/def_front/cast_def_0_1123.jpeg,train,def_front,512,512,JPEG
train/def_front/cast_def_0_959.jpeg,train,def_front,512,512,JPEG
train/def_front/cast_def_0_7556.jpeg,train,def_front,512,512,JPEG
train/def_front/cast_def_0_8697.jpeg,train,def_front,512,512,JPEG
train/def_front/cast_def_0_3646.jpeg,train,def_front,512,512,JPEG
train/def_front/cast_def_0_4501.jpeg,train,def_front,512,512,JPEG
train/def_front/cast_def_0_6406.jpeg,train,def_front,512,512,JPEG
train/def_front/cast_def_0_8114.jpeg,train,def_front,512,512,JPEG
train/def_front/cast_def_0_4459.jpeg,train,def_front,512,512,JPEG
train/def_front/cast_def_0_8220.jpeg,train,def_front,512,512,JPEG
train/def_front/cast_def_0_937.jpeg,train,def_front,512,512,JPEG
train/def_front/cast_def_0_6662.jpeg,train,def_front,512,512,JPEG
train/def_front/cast_def_0_91.jpeg,train,def_front,512,512,JPEG
train/def_front/cast_def_0_2994.jpeg,train,def_front,512,512,JPEG
train/def_front/cast_def_0_9640.jpeg,train,def_front,512,512,JPEG
train/def_front/cast_def_0_3056.jpeg,train,def_front,512,512,JPEG
train/def_front/cast_def_0_7483.jpeg,train,def_front,512,512,JPEG
train/def_front/cast_def_0_7987.jpeg,train,def_front,512,512,JPEG
train/def_front/cast_def_0_4933.jpeg,train,def_front,512,512,JPEG
train/def_front/cast_def_0_2148.jpeg,train,def_front,512,512,JPEG
train/def_front/cast_def_0_9669.jpeg,train,def_front,512,512,JPEG
train/def_front/cast_def_0_1998.jpeg,train,def_front,512,512,JPEG
train/def_front/cast_def_0_4125.jpeg,train,def_front,512,512,JPEG
train/def_front/cast_def_0_2855.jpeg,train,def_front,512,512,JPEG
train/def_front/cast_def_0_3185.jpeg,train,def_front,512,512,JPEG
train/def_front/cast_def_0_571.jpeg,train,def_front,512,512,JPEG
train/def_front/cast_def_0_9857.jpeg,train,def_front,512,512,JPEG
train/def_front/cast_def_0_1446.jpeg,train,def_front,512,512,JPEG
train/def_front/cast_def_0_9613.jpeg,train,def_front,512,512,JPEG
train/def_front/cast_def_0_3454.jpeg,train,def_front,512,512,JPEG
train/def_front/cast_def_0_4651.jpeg,train,def_front,512,512,JPEG
train/def_front/cast_def_0_4790.jpeg,train,def_front,512,512,JPEG
train/def_front/cast_def_0_7636.jpeg,train,def_front,512,512,JPEG
train/def_front/cast_def_0_7540.jpeg,train,def_front,512,512,JPEG
train/def_front/cast_def_0_2624.jpeg,train,def_front,512,512,JPEG
train/def_front/cast_def_0_8709.jpeg,train,def_front,512,512,JPEG
train/def_front/cast_def_0_566.jpeg,train,def_front,512,512,JPEG
train/def_front/cast_def_0_4577.jpeg,train,def_front,512,512,JPEG
train/def_front/cast_def_0_811.jpeg,train,def_front,512,512,JPEG
train/def_front/cast_def_0_6797.jpeg,train,def_front,512,512,JPEG
train/def_front/cast_def_0_1493.jpeg,train,def_front,512,512,JPEG
train/def_front/cast_def_0_9995.jpeg,train,def_front,512,512,JPEG
train/def_front/cast_def_0_2614.jpeg,train,def_front,512,512,JPEG
train/def_front/cast_def_0_7905.jpeg,train,def_front,512,512,JPEG
train/def_front/cast_def_0_9038.jpeg,train,def_front,512,512,JPEG
train/def_front/cast_def_0_9388.jpeg,train,def_front,512,512,JPEG
train/def_front/cast_def_0_8867.jpeg,train,def_front,512,512,JPEG
train/def_front/cast_def_0_608.jpeg,train,def_front,512,512,JPEG
train/def_front/cast_def_0_9227.jpeg,train,def_front,512,512,JPEG
train/def_front/cast_def_0_7982.jpeg,train,def_front,512,512,JPEG
train/def_front/cast_def_0_2483.jpeg,train,def_front,512,512,JPEG
train/def_front/cast_def_0_8510.jpeg,train,def_front,512,512,JPEG
train/def_front/cast_def_0_223.jpeg,train,def_front,512,512,JPEG
train/def_front/cast_def_0_122.jpeg,train,def_front,512,512,JPEG
train/def_front/cast_def_0_8617.jpeg,train,def_front,512,512,JPEG
train/def_front/cast_def_0_7264.jpeg,train,def_front,512,512,JPEG
train/def_front/cast_def_0_79.jpeg,train,def_front,512,512,JPEG
train/def_front/cast_def_0_7295.jpeg,train,def_front,512,512,JPEG
train/def_front/cast_def_0_1112.jpeg,train,def_front,512,512,JPEG
train/def_front/cast_def_0_3354.jpeg,train,def_front,512,512,JPEG
train/def_front/cast_def_0_4394.jpeg,train,def_front,512,512,JPEG
train/def_front/cast_def_0_5933.jpeg,train,def_front,512,512,JPEG
train/def_front/cast_def_0_7538.jpeg,train,def_front,512,512,JPEG
train/def_front/cast_def_0_6887.jpeg,train,def_front,512,512,JPEG
train/def_front/cast_def_0_1225.jpeg,train,def_front,512,512,JPEG
train/def_front/cast_def_0_5167.jpeg,train,def_front,512,512,JPEG
train/def_front/cast_def_0_9737.jpeg,train,def_front,512,512,JPEG
train/def_front/cast_def_0_583.jpeg,train,def_front,512,512,JPEG
train/def_front/cast_def_0_3710.jpeg,train,def_front,512,512,JPEG
train/def_front/cast_def_0_1137.jpeg,train,def_front,512,512,JPEG
train/def_front/cast_def_0_7794.jpeg,train,def_front,512,512,JPEG
train/def_front/cast_def_0_8707.jpeg,train,def_front,512,512,JPEG
train/def_front/cast_def_0_2900.jpeg,train,def_front,512,512,JPEG
train/def_front/cast_def_0_8045.jpeg,train,def_front,512,512,JPEG
train/def_front/cast_def_0_7847.jpeg,train,def_front,512,512,JPEG
train/def_front/cast_def_0_2102.jpeg,train,def_front,512,512,JPEG
train/def_front/cast_def_0_1157.jpeg,train,def_front,512,512,JPEG
train/def_front/cast_def_0_2973.jpeg,train,def_front,512,512,JPEG
train/def_front/cast_def_0_1104.jpeg,train,def_front,512,512,JPEG
train/def_front/cast_def_0_333.jpeg,train,def_front,512,512,JPEG
train/def_front/cast_def_0_8831.jpeg,train,def_front,512,512,JPEG
train/def_front/cast_def_0_5421.jpeg,train,def_front,512,512,JPEG
train/def_front/cast_def_0_7908.jpeg,train,def_front,512,512,JPEG
train/def_front/cast_def_0_8067.jpeg,train,def_front,512,512,JPEG
train/def_front/cast_def_0_7736.jpeg,train,def_front,512,512,JPEG
train/def_front/cast_def_0_6044.jpeg,train,def_front,512,512,JPEG
train/def_front/cast_def_0_8742.jpeg,train,def_front,512,512,JPEG
train/def_front/cast_def_0_3869.jpeg,train,def_front,512,512,JPEG
train/def_front/cast_def_0_7394.jpeg,train,def_front,512,512,JPEG
train/def_front/cast_def_0_4032.jpeg,train,def_front,512,512,JPEG
train/def_front/cast_def_0_1495.jpeg,train,def_front,512,512,JPEG
train/def_front/cast_def_0_7496.jpeg,train,def_front,512,512,JPEG
train/def_front/cast_def_0_5707.jpeg,train,def_front,512,512,JPEG
train/def_front/cast_def_0_8756.jpeg,train,def_front,512,512,JPEG
train/def_front/cast_def_0_231.jpeg,train,def_front,512,512,JPEG
train/def_front/cast_def_0_9379.jpeg,train,def_front,512,512,JPEG
train/def_front/cast_def_0_5838.jpeg,train,def_front,512,512,JPEG
train/def_front/cast_def_0_3631.jpeg,train,def_front,512,512,JPEG
train/def_front/cast_def_0_8028.jpeg,train,def_front,512,512,JPEG
train/def_front/cast_def_0_1187.jpeg,train,def_front,512,512,JPEG
train/def_front/cast_def_0_976.jpeg,train,def_front,512,512,JPEG
train/def_front/cast_def_0_1547.jpeg,train,def_front,512,512,JPEG
train/def_front/cast_def_0_5524.jpeg,train,def_front,512,512,JPEG
train/def_front/cast_def_0_6658.jpeg,train,def_front,512,512,JPEG
train/def_front/cast_def_0_4412.jpeg,train,def_front,512,512,JPEG
train/def_front/cast_def_0_1155.jpeg,train,def_front,512,512,JPEG
train/def_front/cast_def_0_6641.jpeg,train,def_front,512,512,JPEG
train/def_front/cast_def_0_1815.jpeg,train,def_front,512,512,JPEG
train/def_front/cast_def_0_966.jpeg,train,def_front,512,512,JPEG
train/def_front/cast_def_0_1226.jpeg,train,def_front,512,512,JPEG
train/def_front/cast_def_0_5640.jpeg,train,def_front,512,512,JPEG
train/def_front/cast_def_0_5805.jpeg,train,def_front,512,512,JPEG
train/def_front/cast_def_0_7420.jpeg,train,def_front,512,512,JPEG
train/def_front/cast_def_0_1046.jpeg,train,def_front,512,512,JPEG
train/def_front/cast_def_0_7230.jpeg,train,def_front,512,512,JPEG
train/def_front/cast_def_0_6867.jpeg,train,def_front,512,512,JPEG
train/def_front/cast_def_0_5241.jpeg,train,def_front,512,512,JPEG
train/def_front/cast_def_0_4129.jpeg,train,def_front,512,512,JPEG
train/def_front/cast_def_0_7086.jpeg,train,def_front,512,512,JPEG
train/def_front/cast_def_0_2057.jpeg,train,def_front,512,512,JPEG
train/def_front/cast_def_0_2592.jpeg,train,def_front,512,512,JPEG
train/def_front/cast_def_0_5470.jpeg,train,def_front,512,512,JPEG
train/def_front/cast_def_0_2917.jpeg,train,def_front,512,512,JPEG
train/def_front/cast_def_0_3916.jpeg,train,def_front,512,512,JPEG
train/def_front/cast_def_0_4590.jpeg,train,def_front,512,512,JPEG
train/def_front/cast_def_0_6855.jpeg,train,def_front,512,512,JPEG
train/def_front/cast_def_0_1091.jpeg,train,def_front,512,512,JPEG
train/def_front/cast_def_0_5480.jpeg,train,def_front,512,512,JPEG
train/def_front/cast_def_0_9075.jpeg,train,def_front,512,512,JPEG
train/def_front/cast_def_0_8668.jpeg,train,def_front,512,512,JPEG
train/def_front/cast_def_0_624.jpeg,train,def_front,512,512,JPEG
train/def_front/cast_def_0_637.jpeg,train,def_front,512,512,JPEG
train/def_front/cast_def_0_1949.jpeg,train,def_front,512,512,JPEG
train/def_front/cast_def_0_9619.jpeg,train,def_front,512,512,JPEG
train/def_front/cast_def_0_2690.jpeg,train,def_front,512,512,JPEG
train/def_front/cast_def_0_4677.jpeg,train,def_front,512,512,JPEG
train/def_front/cast_def_0_3626.jpeg,train,def_front,512,512,JPEG
train/def_front/cast_def_0_2022.jpeg,train,def_front,512,512,JPEG
train/def_front/cast_def_0_8587.jpeg,train,def_front,512,512,JPEG
train/def_front/cast_def_0_5628.jpeg,train,def_front,512,512,JPEG
train/def_front/cast_def_0_8441.jpeg,train,def_front,512,512,JPEG
train/def_front/cast_def_0_4903.jpeg,train,def_front,512,512,JPEG
train/def_front/cast_def_0_1188.jpeg,train,def_front,512,512,JPEG
train/def_front/cast_def_0_4596.jpeg,train,def_front,512,512,JPEG
train/def_front/cast_def_0_8434.jpeg,train,def_front,512,512,JPEG
train/def_front/cast_def_0_5374.jpeg,train,def_front,512,512,JPEG
train/def_front/cast_def_0_3970.jpeg,train,def_front,512,512,JPEG
train/def_front/cast_def_0_7215.jpeg,train,def_front,512,512,JPEG
train/def_front/cast_def_0_5142.jpeg,train,def_front,512,512,JPEG
train/def_front/cast_def_0_6993.jpeg,train,def_front,512,512,JPEG
train/def_front/cast_def_0_7467.jpeg,train,def_front,512,512,JPEG
train/def_front/cast_def_0_2060.jpeg,train,def_front,512,512,JPEG
train/def_front/cast_def_0_4970.jpeg,train,def_front,512,512,JPEG
train/def_front/cast_def_0_7698.jpeg,train,def_front,512,512,JPEG
train/def_front/cast_def_0_8121.jpeg,train,def_front,512,512,JPEG
train/def_front/cast_def_0_5119.jpeg,train,def_front,512,512,JPEG
train/def_front/cast_def_0_1860.jpeg,train,def_front,512,512,JPEG
train/def_front/cast_def_0_2683.jpeg,train,def_front,512,512,JPEG
train/def_front/cast_def_0_4108.jpeg,train,def_front,512,512,JPEG
train/def_front/cast_def_0_688.jpeg,train,def_front,512,512,JPEG
train/def_front/cast_def_0_7172.jpeg,train,def_front,512,512,JPEG
train/def_front/cast_def_0_8687.jpeg,train,def_front,512,512,JPEG
train/def_front/cast_def_0_1077.jpeg,train,def_front,512,512,JPEG
train/def_front/cast_def_0_1885.jpeg,train,def_front,512,512,JPEG
train/def_front/cast_def_0_1694.jpeg,train,def_front,512,512,JPEG
train/def_front/cast_def_0_9023.jpeg,train,def_front,512,512,JPEG
train/def_front/cast_def_0_1147.jpeg,train,def_front,512,512,JPEG
train/def_front/cast_def_0_1286.jpeg,train,def_front,512,512,JPEG
train/def_front/cast_def_0_7117.jpeg,train,def_front,512,512,JPEG
train/def_front/cast_def_0_9435.jpeg,train,def_front,512,512,JPEG
train/def_front/cast_def_0_8764.jpeg,train,def_front,512,512,JPEG
train/def_front/cast_def_0_3136.jpeg,train,def_front,512,512,JPEG
train/def_front/cast_def_0_4568.jpeg,train,def_front,512,512,JPEG
train/def_front/cast_def_0_2161.jpeg,train,def_front,512,512,JPEG
train/def_front/cast_def_0_6154.jpeg,train,def_front,512,512,JPEG
train/def_front/cast_def_0_7603.jpeg,train,def_front,512,512,JPEG
train/def_front/cast_def_0_1750.jpeg,train,def_front,512,512,JPEG
train/def_front/cast_def_0_5369.jpeg,train,def_front,512,512,JPEG
train/def_front/cast_def_0_5093.jpeg,train,def_front,512,512,JPEG
train/def_front/cast_def_0_221.jpeg,train,def_front,512,512,JPEG
train/def_front/cast_def_0_2700.jpeg,train,def_front,512,512,JPEG
train/def_front/cast_def_0_5435.jpeg,train,def_front,512,512,JPEG
train/def_front/cast_def_0_8239.jpeg,train,def_front,512,512,JPEG
train/def_front/cast_def_0_737.jpeg,train,def_front,512,512,JPEG
train/def_front/cast_def_0_9623.jpeg,train,def_front,512,512,JPEG
train/def_front/cast_def_0_8711.jpeg,train,def_front,512,512,JPEG
train/def_front/cast_def_0_6247.jpeg,train,def_front,512,512,JPEG
train/def_front/cast_def_0_8170.jpeg,train,def_front,512,512,JPEG
train/def_front/cast_def_0_2708.jpeg,train,def_front,512,512,JPEG
train/def_front/cast_def_0_8213.jpeg,train,def_front,512,512,JPEG
train/def_front/cast_def_0_8722.jpeg,train,def_front,512,512,JPEG
train/def_front/cast_def_0_3703.jpeg,train,def_front,512,512,JPEG
train/def_front/cast_def_0_3685.jpeg,train,def_front,512,512,JPEG
train/def_front/cast_def_0_7462.jpeg,train,def_front,512,512,JPEG
train/def_front/cast_def_0_4611.jpeg,train,def_front,512,512,JPEG
train/def_front/cast_def_0_5187.jpeg,train,def_front,512,512,JPEG
train/def_front/cast_def_0_2640.jpeg,train,def_front,512,512,JPEG
train/def_front/cast_def_0_356.jpeg,train,def_front,512,512,JPEG
train/def_front/cast_def_0_8855.jpeg,train,def_front,512,512,JPEG
train/def_front/cast_def_0_3741.jpeg,train,def_front,512,512,JPEG
train/def_front/cast_def_0_6259.jpeg,train,def_front,512,512,JPEG
train/def_front/cast_def_0_150.jpeg,train,def_front,512,512,JPEG
train/def_front/cast_def_0_9507.jpeg,train,def_front,512,512,JPEG
train/def_front/cast_def_0_2798.jpeg,train,def_front,512,512,JPEG
train/def_front/cast_def_0_5008.jpeg,train,def_front,512,512,JPEG
train/def_front/cast_def_0_8486.jpeg,train,def_front,512,512,JPEG
train/def_front/cast_def_0_7923.jpeg,train,def_front,512,512,JPEG
train/def_front/cast_def_0_1817.jpeg,train,def_front,512,512,JPEG
train/def_front/cast_def_0_588.jpeg,train,def_front,512,512,JPEG
train/def_front/cast_def_0_5224.jpeg,train,def_front,512,512,JPEG
train/def_front/cast_def_0_9547.jpeg,train,def_front,512,512,JPEG
train/def_front/cast_def_0_2966.jpeg,train,def_front,512,512,JPEG
train/def_front/cast_def_0_8838.jpeg,train,def_front,512,512,JPEG
train/def_front/cast_def_0_7381.jpeg,train,def_front,512,512,JPEG
train/def_front/cast_def_0_7745.jpeg,train,def_front,512,512,JPEG
train/def_front/cast_def_0_3495.jpeg,train,def_front,512,512,JPEG
train/def_front/cast_def_0_5146.jpeg,train,def_front,512,512,JPEG
train/def_front/cast_def_0_2691.jpeg,train,def_front,512,512,JPEG
train/def_front/cast_def_0_3070.jpeg,train,def_front,512,512,JPEG
train/def_front/cast_def_0_6322.jpeg,train,def_front,512,512,JPEG
train/def_front/cast_def_0_1898.jpeg,train,def_front,512,512,JPEG
train/def_front/cast_def_0_159.jpeg,train,def_front,512,512,JPEG
train/def_front/cast_def_0_1015.jpeg,train,def_front,512,512,JPEG
train/def_front/cast_def_0_5339.jpeg,train,def_front,512,512,JPEG
train/def_front/cast_def_0_7446.jpeg,train,def_front,512,512,JPEG
train/def_front/cast_def_0_9346.jpeg,train,def_front,512,512,JPEG
train/def_front/cast_def_0_8340.jpeg,train,def_front,512,512,JPEG
train/def_front/cast_def_0_5332.jpeg,train,def_front,512,512,JPEG
train/def_front/cast_def_0_602.jpeg,train,def_front,512,512,JPEG
train/def_front/cast_def_0_7750.jpeg,train,def_front,512,512,JPEG
train/def_front/cast_def_0_3751.jpeg,train,def_front,512,512,JPEG
train/def_front/cast_def_0_6898.jpeg,train,def_front,512,512,JPEG
train/def_front/cast_def_0_6687.jpeg,train,def_front,512,512,JPEG
train/def_front/cast_def_0_6236.jpeg,train,def_front,512,512,JPEG
train/def_front/cast_def_0_2310.jpeg,train,def_front,512,512,JPEG
train/def_front/cast_def_0_2654.jpeg,train,def_front,512,512,JPEG
train/def_front/cast_def_0_1350.jpeg,train,def_front,512,512,JPEG
train/def_front/cast_def_0_469.jpeg,train,def_front,512,512,JPEG
train/def_front/cast_def_0_7664.jpeg,train,def_front,512,512,JPEG
train/def_front/cast_def_0_2639.jpeg,train,def_front,512,512,JPEG
train/def_front/cast_def_0_3618.jpeg,train,def_front,512,512,JPEG
train/def_front/cast_def_0_466.jpeg,train,def_front,512,512,JPEG
train/def_front/cast_def_0_6526.jpeg,train,def_front,512,512,JPEG
train/def_front/cast_def_0_6232.jpeg,train,def_front,512,512,JPEG
train/def_front/cast_def_0_8288.jpeg,train,def_front,512,512,JPEG
train/def_front/cast_def_0_8822.jpeg,train,def_front,512,512,JPEG
train/def_front/cast_def_0_9582.jpeg,train,def_front,512,512,JPEG
train/def_front/cast_def_0_3565.jpeg,train,def_front,512,512,JPEG
train/def_front/cast_def_0_9872.jpeg,train,def_front,512,512,JPEG
train/def_front/cast_def_0_2304.jpeg,train,def_front,512,512,JPEG
train/def_front/cast_def_0_6673.jpeg,train,def_front,512,512,JPEG
train/def_front/cast_def_0_4526.jpeg,train,def_front,512,512,JPEG
train/def_front/cast_def_0_1432.jpeg,train,def_front,512,512,JPEG
train/def_front/cast_def_0_1230.jpeg,train,def_front,512,512,JPEG
train/def_front/cast_def_0_138.jpeg,train,def_front,512,512,JPEG
train/def_front/cast_def_0_8844.jpeg,train,def_front,512,512,JPEG
train/def_front/cast_def_0_4090.jpeg,train,def_front,512,512,JPEG
train/def_front/cast_def_0_5004.jpeg,train,def_front,512,512,JPEG
train/def_front/cast_def_0_3796.jpeg,train,def_front,512,512,JPEG
train/def_front/cast_def_0_8415.jpeg,train,def_front,512,512,JPEG
train/def_front/cast_def_0_3434.jpeg,train,def_front,512,512,JPEG
train/def_front/cast_def_0_3855.jpeg,train,def_front,512,512,JPEG
train/def_front/cast_def_0_8848.jpeg,train,def_front,512,512,JPEG
train/def_front/cast_def_0_5571.jpeg,train,def_front,512,512,JPEG
train/def_front/cast_def_0_6853.jpeg,train,def_front,512,512,JPEG
train/def_front/cast_def_0_1053.jpeg,train,def_front,512,512,JPEG
train/def_front/cast_def_0_5244.jpeg,train,def_front,512,512,JPEG
train/def_front/cast_def_0_8667.jpeg,train,def_front,512,512,JPEG
train/def_front/cast_def_0_6777.jpeg,train,def_front,512,512,JPEG
train/def_front/cast_def_0_5768.jpeg,train,def_front,512,512,JPEG
train/def_front/cast_def_0_7056.jpeg,train,def_front,512,512,JPEG
train/def_front/cast_def_0_543.jpeg,train,def_front,512,512,JPEG
train/def_front/cast_def_0_6239.jpeg,train,def_front,512,512,JPEG
train/def_front/cast_def_0_8321.jpeg,train,def_front,512,512,JPEG
train/def_front/cast_def_0_9854.jpeg,train,def_front,512,512,JPEG
train/def_front/cast_def_0_1087.jpeg,train,def_front,512,512,JPEG
train/def_front/cast_def_0_3016.jpeg,train,def_front,512,512,JPEG
train/def_front/cast_def_0_1589.jpeg,train,def_front,512,512,JPEG
train/def_front/cast_def_0_9262.jpeg,train,def_front,512,512,JPEG
train/def_front/cast_def_0_3344.jpeg,train,def_front,512,512,JPEG
train/def_front/cast_def_0_4583.jpeg,train,def_front,512,512,JPEG
train/def_front/cast_def_0_7994.jpeg,train,def_front,512,512,JPEG
train/def_front/cast_def_0_5147.jpeg,train,def_front,512,512,JPEG
train/def_front/cast_def_0_3945.jpeg,train,def_front,512,512,JPEG
train/def_front/cast_def_0_240.jpeg,train,def_front,512,512,JPEG
train/def_front/cast_def_0_5334.jpeg,train,def_front,512,512,JPEG
train/def_front/cast_def_0_2834.jpeg,train,def_front,512,512,JPEG
train/def_front/cast_def_0_7076.jpeg,train,def_front,512,512,JPEG
train/def_front/cast_def_0_219.jpeg,train,def_front,512,512,JPEG
train/def_front/cast_def_0_7455.jpeg,train,def_front,512,512,JPEG
train/def_front/cast_def_0_22.jpeg,train,def_front,512,512,JPEG
train/def_front/cast_def_0_8314.jpeg,train,def_front,512,512,JPEG
train/def_front/cast_def_0_9750.jpeg,train,def_front,512,512,JPEG
train/def_front/cast_def_0_169.jpeg,train,def_front,512,512,JPEG
train/def_front/cast_def_0_8789.jpeg,train,def_front,512,512,JPEG
train/def_front/cast_def_0_8227.jpeg,train,def_front,512,512,JPEG
train/def_front/cast_def_0_4360.jpeg,train,def_front,512,512,JPEG
train/def_front/cast_def_0_3050.jpeg,train,def_front,512,512,JPEG
train/def_front/cast_def_0_4693.jpeg,train,def_front,512,512,JPEG
train/def_front/cast_def_0_1411.jpeg,train,def_front,512,512,JPEG
train/def_front/cast_def_0_3894.jpeg,train,def_front,512,512,JPEG
train/def_front/cast_def_0_9146.jpeg,train,def_front,512,512,JPEG
train/def_front/cast_def_0_5363.jpeg,train,def_front,512,512,JPEG
train/def_front/cast_def_0_2649.jpeg,train,def_front,512,512,JPEG
train/def_front/cast_def_0_8236.jpeg,train,def_front,512,512,JPEG
train/def_front/cast_def_0_9211.jpeg,train,def_front,512,512,JPEG
train/def_front/cast_def_0_1257.jpeg,train,def_front,512,512,JPEG
train/def_front/cast_def_0_5892.jpeg,train,def_front,512,512,JPEG
train/def_front/cast_def_0_6298.jpeg,train,def_front,512,512,JPEG
train/def_front/cast_def_0_7396.jpeg,train,def_front,512,512,JPEG
train/def_front/cast_def_0_3010.jpeg,train,def_front,512,512,JPEG
train/def_front/cast_def_0_1359.jpeg,train,def_front,512,512,JPEG
train/def_front/cast_def_0_1828.jpeg,train,def_front,512,512,JPEG
train/def_front/cast_def_0_7581.jpeg,train,def_front,512,512,JPEG
train/def_front/cast_def_0_7110.jpeg,train,def_front,512,512,JPEG
train/def_front/cast_def_0_4865.jpeg,train,def_front,512,512,JPEG
train/def_front/cast_def_0_2937.jpeg,train,def_front,512,512,JPEG
train/def_front/cast_def_0_6519.jpeg,train,def_front,512,512,JPEG
train/def_front/cast_def_0_1658.jpeg,train,def_front,512,512,JPEG
train/def_front/cast_def_0_839.jpeg,train,def_front,512,512,JPEG
train/def_front/cast_def_0_177.jpeg,train,def_front,512,512,JPEG
train/def_front/cast_def_0_5061.jpeg,train,def_front,512,512,JPEG
train/def_front/cast_def_0_3989.jpeg,train,def_front,512,512,JPEG
train/def_front/cast_def_0_5336.jpeg,train,def_front,512,512,JPEG
train/def_front/cast_def_0_724.jpeg,train,def_front,512,512,JPEG
train/def_front/cast_def_0_5759.jpeg,train,def_front,512,512,JPEG
train/def_front/cast_def_0_5954.jpeg,train,def_front,512,512,JPEG
train/def_front/cast_def_0_5978.jpeg,train,def_front,512,512,JPEG
train/def_front/cast_def_0_1139.jpeg,train,def_front,512,512,JPEG
train/def_front/cast_def_0_324.jpeg,train,def_front,512,512,JPEG
train/def_front/cast_def_0_854.jpeg,train,def_front,512,512,JPEG
train/def_front/cast_def_0_9234.jpeg,train,def_front,512,512,JPEG
train/def_front/cast_def_0_5006.jpeg,train,def_front,512,512,JPEG
train/def_front/cast_def_0_6476.jpeg,train,def_front,512,512,JPEG
train/def_front/cast_def_0_4705.jpeg,train,def_front,512,512,JPEG
train/def_front/cast_def_0_8144.jpeg,train,def_front,512,512,JPEG
train/def_front/cast_def_0_9139.jpeg,train,def_front,512,512,JPEG
train/def_front/cast_def_0_7183.jpeg,train,def_front,512,512,JPEG
train/def_front/cast_def_0_4653.jpeg,train,def_front,512,512,JPEG
train/def_front/cast_def_0_7554.jpeg,train,def_front,512,512,JPEG
train/def_front/cast_def_0_7338.jpeg,train,def_front,512,512,JPEG
train/def_front/cast_def_0_6422.jpeg,train,def_front,512,512,JPEG
train/def_front/cast_def_0_4023.jpeg,train,def_front,512,512,JPEG
train/def_front/cast_def_0_9051.jpeg,train,def_front,512,512,JPEG
train/def_front/cast_def_0_781.jpeg,train,def_front,512,512,JPEG
train/def_front/cast_def_0_6296.jpeg,train,def_front,512,512,JPEG
train/def_front/cast_def_0_9454.jpeg,train,def_front,512,512,JPEG
train/def_front/cast_def_0_7248.jpeg,train,def_front,512,512,JPEG
train/def_front/cast_def_0_3279.jpeg,train,def_front,512,512,JPEG
train/def_front/cast_def_0_2251.jpeg,train,def_front,512,512,JPEG
train/def_front/cast_def_0_8720.jpeg,train,def_front,512,512,JPEG
train/def_front/cast_def_0_3105.jpeg,train,def_front,512,512,JPEG
train/def_front/cast_def_0_6738.jpeg,train,def_front,512,512,JPEG
train/def_front/cast_def_0_9276.jpeg,train,def_front,512,512,JPEG
train/def_front/cast_def_0_360.jpeg,train,def_front,512,512,JPEG
train/def_front/cast_def_0_2084.jpeg,train,def_front,512,512,JPEG
train/def_front/cast_def_0_1115.jpeg,train,def_front,512,512,JPEG
train/def_front/cast_def_0_2358.jpeg,train,def_front,512,512,JPEG
train/def_front/cast_def_0_3074.jpeg,train,def_front,512,512,JPEG
train/def_front/cast_def_0_1145.jpeg,train,def_front,512,512,JPEG
train/def_front/cast_def_0_8310.jpeg,train,def_front,512,512,JPEG
train/def_front/cast_def_0_717.jpeg,train,def_front,512,512,JPEG
train/def_front/cast_def_0_5696.jpeg,train,def_front,512,512,JPEG
train/def_front/cast_def_0_1567.jpeg,train,def_front,512,512,JPEG
train/def_front/cast_def_0_9325.jpeg,train,def_front,512,512,JPEG
train/def_front/cast_def_0_3252.jpeg,train,def_front,512,512,JPEG
train/def_front/cast_def_0_8975.jpeg,train,def_front,512,512,JPEG
train/def_front/cast_def_0_1427.jpeg,train,def_front,512,512,JPEG
train/def_front/cast_def_0_503.jpeg,train,def_front,512,512,JPEG
train/def_front/cast_def_0_7892.jpeg,train,def_front,512,512,JPEG
train/def_front/cast_def_0_7937.jpeg,train,def_front,512,512,JPEG
train/def_front/cast_def_0_2474.jpeg,train,def_front,512,512,JPEG
train/def_front/cast_def_0_7576.jpeg,train,def_front,512,512,JPEG
train/def_front/cast_def_0_1958.jpeg,train,def_front,512,512,JPEG
train/def_front/cast_def_0_383.jpeg,train,def_front,512,512,JPEG
train/def_front/cast_def_0_3691.jpeg,train,def_front,512,512,JPEG
train/def_front/cast_def_0_604.jpeg,train,def_front,512,512,JPEG
train/def_front/cast_def_0_8467.jpeg,train,def_front,512,512,JPEG
train/def_front/cast_def_0_5001.jpeg,train,def_front,512,512,JPEG
train/def_front/cast_def_0_649.jpeg,train,def_front,512,512,JPEG
train/def_front/cast_def_0_3334.jpeg,train,def_front,512,512,JPEG
train/def_front/cast_def_0_8408.jpeg,train,def_front,512,512,JPEG
train/def_front/cast_def_0_5094.jpeg,train,def_front,512,512,JPEG
train/def_front/cast_def_0_994.jpeg,train,def_front,512,512,JPEG
train/def_front/cast_def_0_7553.jpeg,train,def_front,512,512,JPEG
train/def_front/cast_def_0_25.jpeg,train,def_front,512,512,JPEG
train/def_front/cast_def_0_380.jpeg,train,def_front,512,512,JPEG
train/def_front/cast_def_0_786.jpeg,train,def_front,512,512,JPEG
train/def_front/cast_def_0_5863.jpeg,train,def_front,512,512,JPEG
train/def_front/cast_def_0_3246.jpeg,train,def_front,512,512,JPEG
train/def_front/cast_def_0_565.jpeg,train,def_front,512,512,JPEG
train/def_front/cast_def_0_2837.jpeg,train,def_front,512,512,JPEG
train/def_front/cast_def_0_9644.jpeg,train,def_front,512,512,JPEG
train/def_front/cast_def_0_9378.jpeg,train,def_front,512,512,JPEG
train/def_front/cast_def_0_6837.jpeg,train,def_front,512,512,JPEG
train/def_front/cast_def_0_3098.jpeg,train,def_front,512,512,JPEG
train/def_front/cast_def_0_6582.jpeg,train,def_front,512,512,JPEG
train/def_front/cast_def_0_5992.jpeg,train,def_front,512,512,JPEG
train/def_front/cast_def_0_6123.jpeg,train,def_front,512,512,JPEG
train/def_front/cast_def_0_6884.jpeg,train,def_front,512,512,JPEG
train/def_front/cast_def_0_9817.jpeg,train,def_front,512,512,JPEG
train/def_front/cast_def_0_7724.jpeg,train,def_front,512,512,JPEG
train/def_front/cast_def_0_3431.jpeg,train,def_front,512,512,JPEG
train/def_front/cast_def_0_5273.jpeg,train,def_front,512,512,JPEG
train/def_front/cast_def_0_2808.jpeg,train,def_front,512,512,JPEG
train/def_front/cast_def_0_5190.jpeg,train,def_front,512,512,JPEG
train/def_front/cast_def_0_1689.jpeg,train,def_front,512,512,JPEG
train/def_front/cast_def_0_2141.jpeg,train,def_front,512,512,JPEG
train/def_front/cast_def_0_3536.jpeg,train,def_front,512,512,JPEG
train/def_front/cast_def_0_1443.jpeg,train,def_front,512,512,JPEG
train/def_front/cast_def_0_3680.jpeg,train,def_front,512,512,JPEG
train/def_front/cast_def_0_9067.jpeg,train,def_front,512,512,JPEG
train/def_front/cast_def_0_773.jpeg,train,def_front,512,512,JPEG
train/def_front/cast_def_0_5932.jpeg,train,def_front,512,512,JPEG
train/def_front/cast_def_0_2950.jpeg,train,def_front,512,512,JPEG
train/def_front/cast_def_0_4030.jpeg,train,def_front,512,512,JPEG
train/def_front/cast_def_0_9980.jpeg,train,def_front,512,512,JPEG
train/def_front/cast_def_0_4604.jpeg,train,def_front,512,512,JPEG
train/def_front/cast_def_0_4336.jpeg,train,def_front,512,512,JPEG
train/def_front/cast_def_0_833.jpeg,train,def_front,512,512,JPEG
train/def_front/cast_def_0_9403.jpeg,train,def_front,512,512,JPEG
train/def_front/cast_def_0_6454.jpeg,train,def_front,512,512,JPEG
train/def_front/cast_def_0_3104.jpeg,train,def_front,512,512,JPEG
train/def_front/cast_def_0_9356.jpeg,train,def_front,512,512,JPEG
train/def_front/cast_def_0_9084.jpeg,train,def_front,512,512,JPEG
train/def_front/cast_def_0_2887.jpeg,train,def_front,512,512,JPEG
train/def_front/cast_def_0_4927.jpeg,train,def_front,512,512,JPEG
train/def_front/cast_def_0_1679.jpeg,train,def_front,512,512,JPEG
train/def_front/cast_def_0_3704.jpeg,train,def_front,512,512,JPEG
train/def_front/cast_def_0_9540.jpeg,train,def_front,512,512,JPEG
train/def_front/cast_def_0_5311.jpeg,train,def_front,512,512,JPEG
train/def_front/cast_def_0_4119.jpeg,train,def_front,512,512,JPEG
train/def_front/cast_def_0_4787.jpeg,train,def_front,512,512,JPEG
train/def_front/cast_def_0_7216.jpeg,train,def_front,512,512,JPEG
train/def_front/cast_def_0_5919.jpeg,train,def_front,512,512,JPEG
train/def_front/cast_def_0_7475.jpeg,train,def_front,512,512,JPEG
train/def_front/cast_def_0_5532.jpeg,train,def_front,512,512,JPEG
train/def_front/cast_def_0_5239.jpeg,train,def_front,512,512,JPEG
train/def_front/cast_def_0_2892.jpeg,train,def_front,512,512,JPEG
train/def_front/cast_def_0_2201.jpeg,train,def_front,512,512,JPEG
train/def_front/cast_def_0_8129.jpeg,train,def_front,512,512,JPEG
train/def_front/cast_def_0_8101.jpeg,train,def_front,512,512,JPEG
train/def_front/cast_def_0_7315.jpeg,train,def_front,512,512,JPEG
train/def_front/cast_def_0_3148.jpeg,train,def_front,512,512,JPEG
train/def_front/cast_def_0_430.jpeg,train,def_front,512,512,JPEG
train/def_front/cast_def_0_2745.jpeg,train,def_front,512,512,JPEG
train/def_front/cast_def_0_8112.jpeg,train,def_front,512,512,JPEG
train/def_front/cast_def_0_3403.jpeg,train,def_front,512,512,JPEG
train/def_front/cast_def_0_9333.jpeg,train,def_front,512,512,JPEG
train/def_front/cast_def_0_4355.jpeg,train,def_front,512,512,JPEG
train/def_front/cast_def_0_6483.jpeg,train,def_front,512,512,JPEG
train/def_front/cast_def_0_2330.jpeg,train,def_front,512,512,JPEG
train/def_front/cast_def_0_2832.jpeg,train,def_front,512,512,JPEG
train/def_front/cast_def_0_2753.jpeg,train,def_front,512,512,JPEG
train/def_front/cast_def_0_490.jpeg,train,def_front,512,512,JPEG
train/def_front/cast_def_0_5317.jpeg,train,def_front,512,512,JPEG
train/def_front/cast_def_0_1283.jpeg,train,def_front,512,512,JPEG
train/def_front/cast_def_0_8049.jpeg,train,def_front,512,512,JPEG
train/def_front/cast_def_0_7792.jpeg,train,def_front,512,512,JPEG
train/def_front/cast_def_0_6955.jpeg,train,def_front,512,512,JPEG
train/def_front/cast_def_0_3513.jpeg,train,def_front,512,512,JPEG
train/def_front/cast_def_0_5113.jpeg,train,def_front,512,512,JPEG
train/def_front/cast_def_0_1877.jpeg,train,def_front,512,512,JPEG
train/def_front/cast_def_0_8596.jpeg,train,def_front,512,512,JPEG
train/def_front/cast_def_0_4671.jpeg,train,def_front,512,512,JPEG
train/ok_front/cast_ok_0_4823.jpeg,train,ok_front,512,512,JPEG
train/ok_front/cast_ok_0_211.jpeg,train,ok_front,512,512,JPEG
train/ok_front/cast_ok_0_7366.jpeg,train,ok_front,512,512,JPEG
train/ok_front/cast_ok_0_1588.jpeg,train,ok_front,512,512,JPEG
train/ok_front/cast_ok_0_5173.jpeg,train,ok_front,512,512,JPEG
train/ok_front/aug_169_cast_ok_0_5268.jpeg,train,ok_front,512,512,JPEG
train/ok_front/aug_73_cast_ok_0_2394.jpeg,train,ok_front,512,512,JPEG
train/ok_front/aug_102_cast_ok_0_9389.jpeg,train,ok_front,512,512,JPEG
train/ok_front/aug_79_cast_ok_0_3371.jpeg,train,ok_front,512,512,JPEG
train/ok_front/aug_10_cast_ok_0_8425.jpeg,train,ok_front,512,512,JPEG
train/ok_front/cast_ok_0_563.jpeg,train,ok_front,512,512,JPEG
train/ok_front/cast_ok_0_3064.jpeg,train,ok_front,512,512,JPEG
train/ok_front/cast_ok_0_8533.jpeg,train,ok_front,512,512,JPEG
train/ok_front/cast_ok_0_2614.jpeg,train,ok_front,512,512,JPEG
train/ok_front/cast_ok_0_775.jpeg,train,ok_front,512,512,JPEG
train/ok_front/cast_ok_0_7014.jpeg,train,ok_front,512,512,JPEG
train/ok_front/cast_ok_0_7664.jpeg,train,ok_front,512,512,JPEG
train/ok_front/cast_ok_0_9026.jpeg,train,ok_front,512,512,JPEG
train/ok_front/cast_ok_0_9818.jpeg,train,ok_front,512,512,JPEG
train/ok_front/cast_ok_0_6741.jpeg,train,ok_front,512,512,JPEG
train/ok_front/aug_108_cast_ok_0_6880.jpeg,train,ok_front,512,512,JPEG
train/ok_front/cast_ok_0_1568.jpeg,train,ok_front,512,512,JPEG
train/ok_front/cast_ok_0_2771.jpeg,train,ok_front,512,512,JPEG
train/ok_front/aug_39_cast_ok_0_5137.jpeg,train,ok_front,512,512,JPEG
train/ok_front/aug_109_cast_ok_0_5465.jpeg,train,ok_front,512,512,JPEG
train/ok_front/aug_143_cast_ok_0_6250.jpeg,train,ok_front,512,512,JPEG
train/ok_front/cast_ok_0_8076.jpeg,train,ok_front,512,512,JPEG
train/ok_front/cast_ok_0_1392.jpeg,train,ok_front,512,512,JPEG
train/ok_front/cast_ok_0_4639.jpeg,train,ok_front,512,512,JPEG
train/ok_front/aug_89_cast_ok_0_8076.jpeg,train,ok_front,512,512,JPEG
train/ok_front/aug_92_cast_ok_0_9741.jpeg,train,ok_front,512,512,JPEG
train/ok_front/cast_ok_0_9120.jpeg,train,ok_front,512,512,JPEG
train/ok_front/cast_ok_0_5942.jpeg,train,ok_front,512,512,JPEG
train/ok_front/aug_139_cast_ok_0_9201.jpeg,train,ok_front,512,512,JPEG
train/ok_front/aug_67_cast_ok_0_7664.jpeg,train,ok_front,512,512,JPEG
train/ok_front/cast_ok_0_9216.jpeg,train,ok_front,512,512,JPEG
train/ok_front/cast_ok_0_821.jpeg,train,ok_front,512,512,JPEG
train/ok_front/cast_ok_0_5327.jpeg,train,ok_front,512,512,JPEG
train/ok_front/cast_ok_0_9464.jpeg,train,ok_front,512,512,JPEG
train/ok_front/aug_126_cast_ok_0_8533.jpeg,train,ok_front,512,512,JPEG
train/ok_front/cast_ok_0_6329.jpeg,train,ok_front,512,512,JPEG
train/ok_front/cast_ok_0_9112.jpeg,train,ok_front,512,512,JPEG
train/ok_front/aug_112_cast_ok_0_5681.jpeg,train,ok_front,512,512,JPEG
train/ok_front/cast_ok_0_5854.jpeg,train,ok_front,512,512,JPEG
train/ok_front/cast_ok_0_3439.jpeg,train,ok_front,512,512,JPEG
train/ok_front/cast_ok_0_2417.jpeg,train,ok_front,512,512,JPEG
train/ok_front/cast_ok_0_6295.jpeg,train,ok_front,512,512,JPEG
train/ok_front/cast_ok_0_8126.jpeg,train,ok_front,512,512,JPEG
train/ok_front/aug_137_cast_ok_0_1082.jpeg,train,ok_front,512,512,JPEG
train/ok_front/aug_13_cast_ok_0_9584.jpeg,train,ok_front,512,512,JPEG
train/ok_front/aug_147_cast_ok_0_4630.jpeg,train,ok_front,512,512,JPEG
train/ok_front/cast_ok_0_277.jpeg,train,ok_front,512,512,JPEG
train/ok_front/cast_ok_0_4442.jpeg,train,ok_front,512,512,JPEG
train/ok_front/cast_ok_0_8278.jpeg,train,ok_front,512,512,JPEG
train/ok_front/cast_ok_0_8738.jpeg,train,ok_front,512,512,JPEG
train/ok_front/aug_41_cast_ok_0_2771.jpeg,train,ok_front,512,512,JPEG
train/ok_front/cast_ok_0_2437.jpeg,train,ok_front,512,512,JPEG
train/ok_front/aug_110_cast_ok_0_833.jpeg,train,ok_front,512,512,JPEG
train/ok_front/aug_27_cast_ok_0_8278.jpeg,train,ok_front,512,512,JPEG
train/ok_front/aug_45_cast_ok_0_6471.jpeg,train,ok_front,512,512,JPEG
train/ok_front/aug_107_cast_ok_0_2271.jpeg,train,ok_front,512,512,JPEG
train/ok_front/aug_40_cast_ok_0_9634.jpeg,train,ok_front,512,512,JPEG
train/ok_front/cast_ok_0_9108.jpeg,train,ok_front,512,512,JPEG
train/ok_front/cast_ok_0_1817.jpeg,train,ok_front,512,512,JPEG
train/ok_front/cast_ok_0_6881.jpeg,train,ok_front,512,512,JPEG
train/ok_front/cast_ok_0_904.jpeg,train,ok_front,512,512,JPEG
train/ok_front/aug_119_cast_ok_0_694.jpeg,train,ok_front,512,512,JPEG
train/ok_front/cast_ok_0_2819.jpeg,train,ok_front,512,512,JPEG
train/ok_front/aug_28_cast_ok_0_3870.jpeg,train,ok_front,512,512,JPEG
train/ok_front/cast_ok_0_1091.jpeg,train,ok_front,512,512,JPEG
train/ok_front/cast_ok_0_7836.jpeg,train,ok_front,512,512,JPEG
train/ok_front/aug_129_cast_ok_0_4358.jpeg,train,ok_front,512,512,JPEG
train/ok_front/cast_ok_0_4691.jpeg,train,ok_front,512,512,JPEG
train/ok_front/cast_ok_0_9201.jpeg,train,ok_front,512,512,JPEG
train/ok_front/aug_125_cast_ok_0_8579.jpeg,train,ok_front,512,512,JPEG
train/ok_front/cast_ok_0_3049.jpeg,train,ok_front,512,512,JPEG
train/ok_front/cast_ok_0_5268.jpeg,train,ok_front,512,512,JPEG
train/ok_front/cast_ok_0_8833.jpeg,train,ok_front,512,512,JPEG
train/ok_front/cast_ok_0_5680.jpeg,train,ok_front,512,512,JPEG
train/ok_front/cast_ok_0_4432.jpeg,train,ok_front,512,512,JPEG
train/ok_front/cast_ok_0_4503.jpeg,train,ok_front,512,512,JPEG
train/ok_front/cast_ok_0_8356.jpeg,train,ok_front,512,512,JPEG
train/ok_front/cast_ok_0_7206.jpeg,train,ok_front,512,512,JPEG
train/ok_front/cast_ok_0_694.jpeg,train,ok_front,512,512,JPEG
train/ok_front/cast_ok_0_7904.jpeg,train,ok_front,512,512,JPEG
train/ok_front/cast_ok_0_5379.jpeg,train,ok_front,512,512,JPEG
train/ok_front/aug_16_cast_ok_0_7432.jpeg,train,ok_front,512,512,JPEG
train/ok_front/cast_ok_0_2695.jpeg,train,ok_front,512,512,JPEG
train/ok_front/aug_130_cast_ok_0_688.jpeg,train,ok_front,512,512,JPEG
train/ok_front/cast_ok_0_4177.jpeg,train,ok_front,512,512,JPEG
train/ok_front/cast_ok_0_7642.jpeg,train,ok_front,512,512,JPEG
train/ok_front/aug_61_cast_ok_0_37.jpeg,train,ok_front,512,512,JPEG
train/ok_front/cast_ok_0_2999.jpeg,train,ok_front,512,512,JPEG
train/ok_front/cast_ok_0_8460.jpeg,train,ok_front,512,512,JPEG
train/ok_front/cast_ok_0_1592.jpeg,train,ok_front,512,512,JPEG
train/ok_front/aug_138_cast_ok_0_9277.jpeg,train,ok_front,512,512,JPEG
train/ok_front/cast_ok_0_3199.jpeg,train,ok_front,512,512,JPEG
train/ok_front/cast_ok_0_3246.jpeg,train,ok_front,512,512,JPEG
train/ok_front/cast_ok_0_5515.jpeg,train,ok_front,512,512,JPEG
train/ok_front/aug_175_cast_ok_0_4943.jpeg,train,ok_front,512,512,JPEG
train/ok_front/cast_ok_0_6055.jpeg,train,ok_front,512,512,JPEG
train/ok_front/cast_ok_0_6129.jpeg,train,ok_front,512,512,JPEG
train/ok_front/cast_ok_0_4943.jpeg,train,ok_front,512,512,JPEG
train/ok_front/cast_ok_0_6765.jpeg,train,ok_front,512,512,JPEG
train/ok_front/aug_116_cast_ok_0_7353.jpeg,train,ok_front,512,512,JPEG
train/ok_front/cast_ok_0_9192.jpeg,train,ok_front,512,512,JPEG
train/ok_front/cast_ok_0_9584.jpeg,train,ok_front,512,512,JPEG
train/ok_front/cast_ok_0_8208.jpeg,train,ok_front,512,512,JPEG
train/ok_front/aug_54_cast_ok_0_7209.jpeg,train,ok_front,512,512,JPEG
train/ok_front/aug_117_cast_ok_0_6537.jpeg,train,ok_front,512,512,JPEG
train/ok_front/cast_ok_0_5818.jpeg,train,ok_front,512,512,JPEG
train/ok_front/cast_ok_0_8375.jpeg,train,ok_front,512,512,JPEG
train/ok_front/cast_ok_0_3916.jpeg,train,ok_front,512,512,JPEG
train/ok_front/cast_ok_0_5814.jpeg,train,ok_front,512,512,JPEG
train/ok_front/cast_ok_0_3336.jpeg,train,ok_front,512,512,JPEG
train/ok_front/cast_ok_0_8425.jpeg,train,ok_front,512,512,JPEG
train/ok_front/cast_ok_0_7432.jpeg,train,ok_front,512,512,JPEG
train/ok_front/cast_ok_0_661.jpeg,train,ok_front,512,512,JPEG
train/ok_front/aug_42_cast_ok_0_6306.jpeg,train,ok_front,512,512,JPEG
train/ok_front/aug_36_cast_ok_0_4358.jpeg,train,ok_front,512,512,JPEG
train/ok_front/cast_ok_0_6306.jpeg,train,ok_front,512,512,JPEG
train/ok_front/cast_ok_0_6292.jpeg,train,ok_front,512,512,JPEG
train/ok_front/aug_6_cast_ok_0_6449.jpeg,train,ok_front,512,512,JPEG
train/ok_front/cast_ok_0_6471.jpeg,train,ok_front,512,512,JPEG
train/ok_front/cast_ok_0_2054.jpeg,train,ok_front,512,512,JPEG
train/ok_front/cast_ok_0_7357.jpeg,train,ok_front,512,512,JPEG
train/ok_front/cast_ok_0_5524.jpeg,train,ok_front,512,512,JPEG
train/ok_front/cast_ok_0_7720.jpeg,train,ok_front,512,512,JPEG
train/ok_front/cast_ok_0_3371.jpeg,train,ok_front,512,512,JPEG
train/ok_front/cast_ok_0_4295.jpeg,train,ok_front,512,512,JPEG
train/ok_front/aug_65_cast_ok_0_5774.jpeg,train,ok_front,512,512,JPEG
train/ok_front/cast_ok_0_496.jpeg,train,ok_front,512,512,JPEG
train/ok_front/aug_172_cast_ok_0_4862.jpeg,train,ok_front,512,512,JPEG
train/ok_front/cast_ok_0_2301.jpeg,train,ok_front,512,512,JPEG
train/ok_front/cast_ok_0_4082.jpeg,train,ok_front,512,512,JPEG
train/ok_front/cast_ok_0_7460.jpeg,train,ok_front,512,512,JPEG
train/ok_front/aug_105_cast_ok_0_37.jpeg,train,ok_front,512,512,JPEG
train/ok_front/cast_ok_0_1634.jpeg,train,ok_front,512,512,JPEG
train/ok_front/aug_69_cast_ok_0_199.jpeg,train,ok_front,512,512,JPEG
train/ok_front/cast_ok_0_9193.jpeg,train,ok_front,512,512,JPEG
train/ok_front/aug_44_cast_ok_0_5854.jpeg,train,ok_front,512,512,JPEG
train/ok_front/aug_171_cast_ok_0_7351.jpeg,train,ok_front,512,512,JPEG
train/ok_front/cast_ok_0_199.jpeg,train,ok_front,512,512,JPEG
train/ok_front/cast_ok_0_1963.jpeg,train,ok_front,512,512,JPEG
train/ok_front/cast_ok_0_1290.jpeg,train,ok_front,512,512,JPEG
train/ok_front/aug_26_cast_ok_0_277.jpeg,train,ok_front,512,512,JPEG
train/ok_front/cast_ok_0_8440.jpeg,train,ok_front,512,512,JPEG
train/ok_front/cast_ok_0_6258.jpeg,train,ok_front,512,512,JPEG
train/ok_front/cast_ok_0_468.jpeg,train,ok_front,512,512,JPEG
train/ok_front/cast_ok_0_5085.jpeg,train,ok_front,512,512,JPEG
train/ok_front/aug_151_cast_ok_0_7209.jpeg,train,ok_front,512,512,JPEG
train/ok_front/cast_ok_0_1144.jpeg,train,ok_front,512,512,JPEG
train/ok_front/cast_ok_0_645.jpeg,train,ok_front,512,512,JPEG
train/ok_front/aug_56_cast_ok_0_8460.jpeg,train,ok_front,512,512,JPEG
train/ok_front/aug_97_cast_ok_0_8153.jpeg,train,ok_front,512,512,JPEG
train/ok_front/aug_168_cast_ok_0_5814.jpeg,train,ok_front,512,512,JPEG
train/ok_front/cast_ok_0_4863.jpeg,train,ok_front,512,512,JPEG
train/ok_front/cast_ok_0_7591.jpeg,train,ok_front,512,512,JPEG
train/ok_front/cast_ok_0_7353.jpeg,train,ok_front,512,512,JPEG
train/ok_front/aug_98_cast_ok_0_7195.jpeg,train,ok_front,512,512,JPEG
train/ok_front/cast_ok_0_4582.jpeg,train,ok_front,512,512,JPEG
train/ok_front/aug_85_cast_ok_0_8425.jpeg,train,ok_front,512,512,JPEG
train/ok_front/cast_ok_0_2785.jpeg,train,ok_front,512,512,JPEG
train/ok_front/cast_ok_0_688.jpeg,train,ok_front,512,512,JPEG
train/ok_front/aug_31_cast_ok_0_4630.jpeg,train,ok_front,512,512,JPEG
train/ok_front/cast_ok_0_2295.jpeg,train,ok_front,512,512,JPEG
train/ok_front/aug_18_cast_ok_0_6705.jpeg,train,ok_front,512,512,JPEG
train/ok_front/cast_ok_0_4496.jpeg,train,ok_front,512,512,JPEG
train/ok_front/cast_ok_0_2394.jpeg,train,ok_front,512,512,JPEG
train/ok_front/cast_ok_0_1604.jpeg,train,ok_front,512,512,JPEG
train/ok_front/cast_ok_0_850.jpeg,train,ok_front,512,512,JPEG
train/ok_front/cast_ok_0_8579.jpeg,train,ok_front,512,512,JPEG
train/ok_front/aug_91_cast_ok_0_5691.jpeg,train,ok_front,512,512,JPEG
train/ok_front/aug_136_cast_ok_0_9464.jpeg,train,ok_front,512,512,JPEG
train/ok_front/cast_ok_0_9843.jpeg,train,ok_front,512,512,JPEG
train/ok_front/aug_37_cast_ok_0_7561.jpeg,train,ok_front,512,512,JPEG
train/ok_front/cast_ok_0_4081.jpeg,train,ok_front,512,512,JPEG
train/ok_front/cast_ok_0_7831.jpeg,train,ok_front,512,512,JPEG
train/ok_front/cast_ok_0_9366.jpeg,train,ok_front,512,512,JPEG
train/ok_front/aug_62_cast_ok_0_2514.jpeg,train,ok_front,512,512,JPEG
train/ok_front/aug_11_cast_ok_0_1559.jpeg,train,ok_front,512,512,JPEG
train/ok_front/cast_ok_0_2180.jpeg,train,ok_front,512,512,JPEG
train/ok_front/aug_177_cast_ok_0_2241.jpeg,train,ok_front,512,512,JPEG
train/ok_front/cast_ok_0_222.jpeg,train,ok_front,512,512,JPEG
train/ok_front/cast_ok_0_3973.jpeg,train,ok_front,512,512,JPEG
train/ok_front/cast_ok_0_5326.jpeg,train,ok_front,512,512,JPEG
train/ok_front/cast_ok_0_7693.jpeg,train,ok_front,512,512,JPEG
train/ok_front/cast_ok_0_3869.jpeg,train,ok_front,512,512,JPEG
train/ok_front/cast_ok_0_5685.jpeg,train,ok_front,512,512,JPEG
train/ok_front/cast_ok_0_9791.jpeg,train,ok_front,512,512,JPEG
train/ok_front/cast_ok_0_1863.jpeg,train,ok_front,512,512,JPEG
train/ok_front/aug_149_cast_ok_0_4496.jpeg,train,ok_front,512,512,JPEG
train/ok_front/aug_50_cast_ok_0_373.jpeg,train,ok_front,512,512,JPEG
train/ok_front/aug_7_cast_ok_0_6295.jpeg,train,ok_front,512,512,JPEG
train/ok_front/cast_ok_0_9840.jpeg,train,ok_front,512,512,JPEG
train/ok_front/cast_ok_0_7604.jpeg,train,ok_front,512,512,JPEG
train/ok_front/cast_ok_0_5370.jpeg,train,ok_front,512,512,JPEG
train/ok_front/aug_114_cast_ok_0_7342.jpeg,train,ok_front,512,512,JPEG
train/ok_front/cast_ok_0_373.jpeg,train,ok_front,512,512,JPEG
train/ok_front/aug_145_cast_ok_0_3916.jpeg,train,ok_front,512,512,JPEG
train/ok_front/cast_ok_0_8646.jpeg,train,ok_front,512,512,JPEG
train/ok_front/cast_ok_0_7256.jpeg,train,ok_front,512,512,JPEG
train/ok_front/cast_ok_0_1665.jpeg,train,ok_front,512,512,JPEG
train/ok_front/aug_5_cast_ok_0_8996.jpeg,train,ok_front,512,512,JPEG
train/ok_front/aug_131_cast_ok_0_5942.jpeg,train,ok_front,512,512,JPEG
train/ok_front/aug_140_cast_ok_0_7156.jpeg,train,ok_front,512,512,JPEG
train/ok_front/cast_ok_0_1584.jpeg,train,ok_front,512,512,JPEG
train/ok_front/cast_ok_0_7021.jpeg,train,ok_front,512,512,JPEG
train/ok_front/cast_ok_0_9307.jpeg,train,ok_front,512,512,JPEG
train/ok_front/aug_21_cast_ok_0_431.jpeg,train,ok_front,512,512,JPEG
train/ok_front/cast_ok_0_196.jpeg,train,ok_front,512,512,JPEG
train/ok_front/cast_ok_0_1825.jpeg,train,ok_front,512,512,JPEG
train/ok_front/aug_81_cast_ok_0_1634.jpeg,train,ok_front,512,512,JPEG
train/ok_front/aug_30_cast_ok_0_4972.jpeg,train,ok_front,512,512,JPEG
train/ok_front/aug_141_cast_ok_0_8448.jpeg,train,ok_front,512,512,JPEG
train/ok_front/aug_63_cast_ok_0_5536.jpeg,train,ok_front,512,512,JPEG
train/ok_front/aug_90_cast_ok_0_1817.jpeg,train,ok_front,512,512,JPEG
train/ok_front/cast_ok_0_5150.jpeg,train,ok_front,512,512,JPEG
train/ok_front/cast_ok_0_2721.jpeg,train,ok_front,512,512,JPEG
train/ok_front/aug_155_cast_ok_0_661.jpeg,train,ok_front,512,512,JPEG
train/ok_front/cast_ok_0_1155.jpeg,train,ok_front,512,512,JPEG
train/ok_front/cast_ok_0_4855.jpeg,train,ok_front,512,512,JPEG
train/ok_front/cast_ok_0_8691.jpeg,train,ok_front,512,512,JPEG
train/ok_front/cast_ok_0_2208.jpeg,train,ok_front,512,512,JPEG
train/ok_front/cast_ok_0_6079.jpeg,train,ok_front,512,512,JPEG
train/ok_front/cast_ok_0_7815.jpeg,train,ok_front,512,512,JPEG
train/ok_front/aug_9_cast_ok_0_7014.jpeg,train,ok_front,512,512,JPEG
train/ok_front/cast_ok_0_1187.jpeg,train,ok_front,512,512,JPEG
train/ok_front/aug_157_cast_ok_0_9191.jpeg,train,ok_front,512,512,JPEG
train/ok_front/aug_52_cast_ok_0_9193.jpeg,train,ok_front,512,512,JPEG
train/ok_front/cast_ok_0_5565.jpeg,train,ok_front,512,512,JPEG
train/ok_front/cast_ok_0_4020.jpeg,train,ok_front,512,512,JPEG
train/ok_front/aug_100_cast_ok_0_5173.jpeg,train,ok_front,512,512,JPEG
train/ok_front/aug_3_cast_ok_0_661.jpeg,train,ok_front,512,512,JPEG
train/ok_front/cast_ok_0_3498.jpeg,train,ok_front,512,512,JPEG
train/ok_front/cast_ok_0_7841.jpeg,train,ok_front,512,512,JPEG
train/ok_front/cast_ok_0_2241.jpeg,train,ok_front,512,512,JPEG
train/ok_front/cast_ok_0_2271.jpeg,train,ok_front,512,512,JPEG
train/ok_front/aug_34_cast_ok_0_1665.jpeg,train,ok_front,512,512,JPEG
train/ok_front/cast_ok_0_6826.jpeg,train,ok_front,512,512,JPEG
train/ok_front/aug_93_cast_ok_0_4020.jpeg,train,ok_front,512,512,JPEG
train/ok_front/cast_ok_0_4930.jpeg,train,ok_front,512,512,JPEG
train/ok_front/aug_23_cast_ok_0_7904.jpeg,train,ok_front,512,512,JPEG
train/ok_front/cast_ok_0_6189.jpeg,train,ok_front,512,512,JPEG
train/ok_front/aug_128_cast_ok_0_4201.jpeg,train,ok_front,512,512,JPEG
train/ok_front/aug_178_cast_ok_0_4020.jpeg,train,ok_front,512,512,JPEG
train/ok_front/cast_ok_0_8762.jpeg,train,ok_front,512,512,JPEG
train/ok_front/aug_146_cast_ok_0_1761.jpeg,train,ok_front,512,512,JPEG
train/ok_front/cast_ok_0_2138.jpeg,train,ok_front,512,512,JPEG
train/ok_front/aug_179_cast_ok_0_4961.jpeg,train,ok_front,512,512,JPEG
train/ok_front/aug_135_cast_ok_0_3500.jpeg,train,ok_front,512,512,JPEG
train/ok_front/aug_60_cast_ok_0_8021.jpeg,train,ok_front,512,512,JPEG
train/ok_front/aug_2_cast_ok_0_1290.jpeg,train,ok_front,512,512,JPEG
train/ok_front/aug_96_cast_ok_0_129.jpeg,train,ok_front,512,512,JPEG
train/ok_front/cast_ok_0_2482.jpeg,train,ok_front,512,512,JPEG
train/ok_front/aug_0_cast_ok_0_37.jpeg,train,ok_front,512,512,JPEG
train/ok_front/cast_ok_0_6880.jpeg,train,ok_front,512,512,JPEG
train/ok_front/cast_ok_0_6802.jpeg,train,ok_front,512,512,JPEG
train/ok_front/aug_174_cast_ok_0_6705.jpeg,train,ok_front,512,512,JPEG
train/ok_front/cast_ok_0_5576.jpeg,train,ok_front,512,512,JPEG
train/ok_front/cast_ok_0_1074.jpeg,train,ok_front,512,512,JPEG
train/ok_front/cast_ok_0_7049.jpeg,train,ok_front,512,512,JPEG
train/ok_front/aug_22_cast_ok_0_222.jpeg,train,ok_front,512,512,JPEG
train/ok_front/cast_ok_0_4961.jpeg,train,ok_front,512,512,JPEG
train/ok_front/aug_173_cast_ok_0_2544.jpeg,train,ok_front,512,512,JPEG
train/ok_front/aug_84_cast_ok_0_2721.jpeg,train,ok_front,512,512,JPEG
train/ok_front/aug_86_cast_ok_0_872.jpeg,train,ok_front,512,512,JPEG
train/ok_front/cast_ok_0_4742.jpeg,train,ok_front,512,512,JPEG
train/ok_front/aug_94_cast_ok_0_821.jpeg,train,ok_front,512,512,JPEG
train/ok_front/cast_ok_0_4862.jpeg,train,ok_front,512,512,JPEG
train/ok_front/aug_83_cast_ok_0_4031.jpeg,train,ok_front,512,512,JPEG
train/ok_front/cast_ok_0_7156.jpeg,train,ok_front,512,512,JPEG
train/ok_front/cast_ok_0_2152.jpeg,train,ok_front,512,512,JPEG
train/ok_front/cast_ok_0_2781.jpeg,train,ok_front,512,512,JPEG
train/ok_front/cast_ok_0_8002.jpeg,train,ok_front,512,512,JPEG
train/ok_front/cast_ok_0_3500.jpeg,train,ok_front,512,512,JPEG
train/ok_front/cast_ok_0_7240.jpeg,train,ok_front,512,512,JPEG
train/ok_front/cast_ok_0_9341.jpeg,train,ok_front,512,512,JPEG
train/ok_front/cast_ok_0_2818.jpeg,train,ok_front,512,512,JPEG
train/ok_front/aug_120_cast_ok_0_1082.jpeg,train,ok_front,512,512,JPEG
train/ok_front/aug_24_cast_ok_0_1344.jpeg,train,ok_front,512,512,JPEG
train/ok_front/cast_ok_0_6847.jpeg,train,ok_front,512,512,JPEG
train/ok_front/cast_ok_0_5681.jpeg,train,ok_front,512,512,JPEG
train/ok_front/cast_ok_0_4562.jpeg,train,ok_front,512,512,JPEG
train/ok_front/cast_ok_0_1559.jpeg,train,ok_front,512,512,JPEG
train/ok_front/cast_ok_0_1573.jpeg,train,ok_front,512,512,JPEG
train/ok_front/cast_ok_0_5654.jpeg,train,ok_front,512,512,JPEG
train/ok_front/cast_ok_0_4433.jpeg,train,ok_front,512,512,JPEG
train/ok_front/cast_ok_0_3025.jpeg,train,ok_front,512,512,JPEG
train/ok_front/aug_88_cast_ok_0_277.jpeg,train,ok_front,512,512,JPEG
train/ok_front/aug_17_cast_ok_0_9191.jpeg,train,ok_front,512,512,JPEG
train/ok_front/cast_ok_0_773.jpeg,train,ok_front,512,512,JPEG
train/ok_front/cast_ok_0_2738.jpeg,train,ok_front,512,512,JPEG
train/ok_front/cast_ok_0_9658.jpeg,train,ok_front,512,512,JPEG
train/ok_front/cast_ok_0_9239.jpeg,train,ok_front,512,512,JPEG
train/ok_front/cast_ok_0_8153.jpeg,train,ok_front,512,512,JPEG
train/ok_front/cast_ok_0_6482.jpeg,train,ok_front,512,512,JPEG
train/ok_front/cast_ok_0_4059.jpeg,train,ok_front,512,512,JPEG
train/ok_front/cast_ok_0_1761.jpeg,train,ok_front,512,512,JPEG
train/ok_front/cast_ok_0_8284.jpeg,train,ok_front,512,512,JPEG
train/ok_front/cast_ok_0_7673.jpeg,train,ok_front,512,512,JPEG
train/ok_front/aug_170_cast_ok_0_9734.jpeg,train,ok_front,512,512,JPEG
train/ok_front/cast_ok_0_9494.jpeg,train,ok_front,512,512,JPEG
train/ok_front/aug_14_cast_ok_0_7209.jpeg,train,ok_front,512,512,JPEG
train/ok_front/aug_101_cast_ok_0_8566.jpeg,train,ok_front,512,512,JPEG
train/ok_front/cast_ok_0_8448.jpeg,train,ok_front,512,512,JPEG
train/ok_front/aug_48_cast_ok_0_3596.jpeg,train,ok_front,512,512,JPEG
train/ok_front/cast_ok_0_1715.jpeg,train,ok_front,512,512,JPEG
train/ok_front/aug_95_cast_ok_0_1584.jpeg,train,ok_front,512,512,JPEG
train/ok_front/cast_ok_0_2784.jpeg,train,ok_front,512,512,JPEG
train/ok_front/cast_ok_0_2514.jpeg,train,ok_front,512,512,JPEG
train/ok_front/aug_176_cast_ok_0_8278.jpeg,train,ok_front,512,512,JPEG
train/ok_front/cast_ok_0_6149.jpeg,train,ok_front,512,512,JPEG
train/ok_front/cast_ok_0_5181.jpeg,train,ok_front,512,512,JPEG
train/ok_front/cast_ok_0_3337.jpeg,train,ok_front,512,512,JPEG
train/ok_front/aug_20_cast_ok_0_4972.jpeg,train,ok_front,512,512,JPEG
train/ok_front/cast_ok_0_5472.jpeg,train,ok_front,512,512,JPEG
train/ok_front/cast_ok_0_7351.jpeg,train,ok_front,512,512,JPEG
train/ok_front/cast_ok_0_2322.jpeg,train,ok_front,512,512,JPEG
train/ok_front/aug_8_cast_ok_0_4020.jpeg,train,ok_front,512,512,JPEG
train/ok_front/cast_ok_0_5137.jpeg,train,ok_front,512,512,JPEG
train/ok_front/cast_ok_0_4265.jpeg,train,ok_front,512,512,JPEG
train/ok_front/cast_ok_0_305.jpeg,train,ok_front,512,512,JPEG
train/ok_front/cast_ok_0_5604.jpeg,train,ok_front,512,512,JPEG
train/ok_front/cast_ok_0_9191.jpeg,train,ok_front,512,512,JPEG
train/ok_front/cast_ok_0_1429.jpeg,train,ok_front,512,512,JPEG
train/ok_front/cast_ok_0_7218.jpeg,train,ok_front,512,512,JPEG
train/ok_front/aug_124_cast_ok_0_4823.jpeg,train,ok_front,512,512,JPEG
train/ok_front/cast_ok_0_7072.jpeg,train,ok_front,512,512,JPEG
train/ok_front/aug_181_cast_ok_0_5339.jpeg,train,ok_front,512,512,JPEG
train/ok_front/cast_ok_0_2816.jpeg,train,ok_front,512,512,JPEG
train/ok_front/cast_ok_0_7151.jpeg,train,ok_front,512,512,JPEG
train/ok_front/cast_ok_0_1018.jpeg,train,ok_front,512,512,JPEG
train/ok_front/cast_ok_0_7568.jpeg,train,ok_front,512,512,JPEG
train/ok_front/cast_ok_0_3842.jpeg,train,ok_front,512,512,JPEG
train/ok_front/aug_104_cast_ok_0_9193.jpeg,train,ok_front,512,512,JPEG
train/ok_front/aug_162_cast_ok_0_6292.jpeg,train,ok_front,512,512,JPEG
train/ok_front/aug_55_cast_ok_0_3842.jpeg,train,ok_front,512,512,JPEG
train/ok_front/cast_ok_0_4038.jpeg,train,ok_front,512,512,JPEG
train/ok_front/cast_ok_0_6287.jpeg,train,ok_front,512,512,JPEG
train/ok_front/aug_78_cast_ok_0_9193.jpeg,train,ok_front,512,512,JPEG
train/ok_front/cast_ok_0_7561.jpeg,train,ok_front,512,512,JPEG
train/ok_front/cast_ok_0_2472.jpeg,train,ok_front,512,512,JPEG
train/ok_front/aug_71_cast_ok_0_2643.jpeg,train,ok_front,512,512,JPEG
train/ok_front/cast_ok_0_8978.jpeg,train,ok_front,512,512,JPEG
train/ok_front/cast_ok_0_5691.jpeg,train,ok_front,512,512,JPEG
train/ok_front/cast_ok_0_5009.jpeg,train,ok_front,512,512,JPEG
train/ok_front/cast_ok_0_981.jpeg,train,ok_front,512,512,JPEG
train/ok_front/cast_ok_0_3596.jpeg,train,ok_front,512,512,JPEG
train/ok_front/aug_106_cast_ok_0_6881.jpeg,train,ok_front,512,512,JPEG
train/ok_front/aug_154_cast_ok_0_1091.jpeg,train,ok_front,512,512,JPEG
train/ok_front/cast_ok_0_6537.jpeg,train,ok_front,512,512,JPEG
train/ok_front/cast_ok_0_37.jpeg,train,ok_front,512,512,JPEG
train/ok_front/cast_ok_0_3138.jpeg,train,ok_front,512,512,JPEG
train/ok_front/cast_ok_0_1780.jpeg,train,ok_front,512,512,JPEG
train/ok_front/cast_ok_0_7209.jpeg,train,ok_front,512,512,JPEG
train/ok_front/cast_ok_0_8601.jpeg,train,ok_front,512,512,JPEG
train/ok_front/cast_ok_0_9990.jpeg,train,ok_front,512,512,JPEG
train/ok_front/cast_ok_0_8079.jpeg,train,ok_front,512,512,JPEG
train/ok_front/cast_ok_0_6018.jpeg,train,ok_front,512,512,JPEG
train/ok_front/cast_ok_0_1589.jpeg,train,ok_front,512,512,JPEG
train/ok_front/cast_ok_0_9232.jpeg,train,ok_front,512,512,JPEG
train/ok_front/cast_ok_0_7111.jpeg,train,ok_front,512,512,JPEG
train/ok_front/aug_150_cast_ok_0_129.jpeg,train,ok_front,512,512,JPEG
train/ok_front/cast_ok_0_7117.jpeg,train,ok_front,512,512,JPEG
train/ok_front/aug_152_cast_ok_0_4930.jpeg,train,ok_front,512,512,JPEG
train/ok_front/aug_51_cast_ok_0_3916.jpeg,train,ok_front,512,512,JPEG
train/ok_front/cast_ok_0_5339.jpeg,train,ok_front,512,512,JPEG
train/ok_front/cast_ok_0_8996.jpeg,train,ok_front,512,512,JPEG
train/ok_front/aug_99_cast_ok_0_352.jpeg,train,ok_front,512,512,JPEG
train/ok_front/aug_15_cast_ok_0_7673.jpeg,train,ok_front,512,512,JPEG
train/ok_front/aug_58_cast_ok_0_4177.jpeg,train,ok_front,512,512,JPEG
train/ok_front/cast_ok_0_2505.jpeg,train,ok_front,512,512,JPEG
train/ok_front/aug_123_cast_ok_0_8153.jpeg,train,ok_front,512,512,JPEG
train/ok_front/cast_ok_0_9389.jpeg,train,ok_front,512,512,JPEG
train/ok_front/aug_87_cast_ok_0_1573.jpeg,train,ok_front,512,512,JPEG
train/ok_front/cast_ok_0_5536.jpeg,train,ok_front,512,512,JPEG
train/ok_front/cast_ok_0_6332.jpeg,train,ok_front,512,512,JPEG
train/ok_front/cast_ok_0_9667.jpeg,train,ok_front,512,512,JPEG
train/ok_front/cast_ok_0_3250.jpeg,train,ok_front,512,512,JPEG
train/ok_front/aug_66_cast_ok_0_6292.jpeg,train,ok_front,512,512,JPEG
train/ok_front/cast_ok_0_1695.jpeg,train,ok_front,512,512,JPEG
train/ok_front/cast_ok_0_431.jpeg,train,ok_front,512,512,JPEG
train/ok_front/cast_ok_0_8745.jpeg,train,ok_front,512,512,JPEG
train/ok_front/aug_75_cast_ok_0_5150.jpeg,train,ok_front,512,512,JPEG
train/ok_front/cast_ok_0_9634.jpeg,train,ok_front,512,512,JPEG
train/ok_front/aug_182_cast_ok_0_3102.jpeg,train,ok_front,512,512,JPEG
train/ok_front/cast_ok_0_9966.jpeg,train,ok_front,512,512,JPEG
train/ok_front/aug_160_cast_ok_0_9464.jpeg,train,ok_front,512,512,JPEG
train/ok_front/cast_ok_0_3846.jpeg,train,ok_front,512,512,JPEG
train/ok_front/cast_ok_0_477.jpeg,train,ok_front,512,512,JPEG
train/ok_front/cast_ok_0_2456.jpeg,train,ok_front,512,512,JPEG
train/ok_front/cast_ok_0_8751.jpeg,train,ok_front,512,512,JPEG
train/ok_front/cast_ok_0_8566.jpeg,train,ok_front,512,512,JPEG
train/ok_front/aug_165_cast_ok_0_9464.jpeg,train,ok_front,512,512,JPEG
train/ok_front/cast_ok_0_1083.jpeg,train,ok_front,512,512,JPEG
train/ok_front/aug_144_cast_ok_0_4020.jpeg,train,ok_front,512,512,JPEG
train/ok_front/cast_ok_0_6418.jpeg,train,ok_front,512,512,JPEG
train/ok_front/cast_ok_0_4630.jpeg,train,ok_front,512,512,JPEG
train/ok_front/aug_38_cast_ok_0_352.jpeg,train,ok_front,512,512,JPEG
train/ok_front/aug_158_cast_ok_0_6292.jpeg,train,ok_front,512,512,JPEG
train/ok_front/cast_ok_0_4437.jpeg,train,ok_front,512,512,JPEG
train/ok_front/aug_159_cast_ok_0_8425.jpeg,train,ok_front,512,512,JPEG
train/ok_front/aug_180_cast_ok_0_4630.jpeg,train,ok_front,512,512,JPEG
train/ok_front/aug_161_cast_ok_0_981.jpeg,train,ok_front,512,512,JPEG
train/ok_front/cast_ok_0_4561.jpeg,train,ok_front,512,512,JPEG
train/ok_front/cast_ok_0_7773.jpeg,train,ok_front,512,512,JPEG
train/ok_front/cast_ok_0_8419.jpeg,train,ok_front,512,512,JPEG
train/ok_front/aug_113_cast_ok_0_3199.jpeg,train,ok_front,512,512,JPEG
train/ok_front/aug_164_cast_ok_0_352.jpeg,train,ok_front,512,512,JPEG
train/ok_front/cast_ok_0_5573.jpeg,train,ok_front,512,512,JPEG
train/ok_front/aug_167_cast_ok_0_7111.jpeg,train,ok_front,512,512,JPEG
train/ok_front/aug_25_cast_ok_0_2180.jpeg,train,ok_front,512,512,JPEG
train/ok_front/aug_46_cast_ok_0_8738.jpeg,train,ok_front,512,512,JPEG
train/ok_front/cast_ok_0_6235.jpeg,train,ok_front,512,512,JPEG
train/ok_front/cast_ok_0_312.jpeg,train,ok_front,512,512,JPEG
train/ok_front/cast_ok_0_8067.jpeg,train,ok_front,512,512,JPEG
train/ok_front/cast_ok_0_6890.jpeg,train,ok_front,512,512,JPEG
train/ok_front/aug_43_cast_ok_0_645.jpeg,train,ok_front,512,512,JPEG
train/ok_front/cast_ok_0_776.jpeg,train,ok_front,512,512,JPEG
train/ok_front/cast_ok_0_9270.jpeg,train,ok_front,512,512,JPEG
train/ok_front/aug_35_cast_ok_0_1715.jpeg,train,ok_front,512,512,JPEG
train/ok_front/cast_ok_0_1082.jpeg,train,ok_front,512,512,JPEG
train/ok_front/cast_ok_0_9277.jpeg,train,ok_front,512,512,JPEG
train/ok_front/cast_ok_0_8113.jpeg,train,ok_front,512,512,JPEG
train/ok_front/cast_ok_0_2162.jpeg,train,ok_front,512,512,JPEG
train/ok_front/aug_133_cast_ok_0_4223.jpeg,train,ok_front,512,512,JPEG
train/ok_front/aug_115_cast_ok_0_6788.jpeg,train,ok_front,512,512,JPEG
train/ok_front/cast_ok_0_3654.jpeg,train,ok_front,512,512,JPEG
train/ok_front/cast_ok_0_5774.jpeg,train,ok_front,512,512,JPEG
train/ok_front/cast_ok_0_586.jpeg,train,ok_front,512,512,JPEG
train/ok_front/aug_53_cast_ok_0_9150.jpeg,train,ok_front,512,512,JPEG
train/ok_front/cast_ok_0_8388.jpeg,train,ok_front,512,512,JPEG
train/ok_front/cast_ok_0_2544.jpeg,train,ok_front,512,512,JPEG
train/ok_front/aug_118_cast_ok_0_3842.jpeg,train,ok_front,512,512,JPEG
train/ok_front/cast_ok_0_6854.jpeg,train,ok_front,512,512,JPEG
train/ok_front/cast_ok_0_9135.jpeg,train,ok_front,512,512,JPEG
train/ok_front/cast_ok_0_9741.jpeg,train,ok_front,512,512,JPEG
train/ok_front/cast_ok_0_7120.jpeg,train,ok_front,512,512,JPEG
train/ok_front/cast_ok_0_2770.jpeg,train,ok_front,512,512,JPEG
train/ok_front/cast_ok_0_3402.jpeg,train,ok_front,512,512,JPEG
train/ok_front/cast_ok_0_1265.jpeg,train,ok_front,512,512,JPEG
train/ok_front/cast_ok_0_4972.jpeg,train,ok_front,512,512,JPEG
train/ok_front/cast_ok_0_6705.jpeg,train,ok_front,512,512,JPEG
train/ok_front/aug_132_cast_ok_0_4201.jpeg,train,ok_front,512,512,JPEG
train/ok_front/cast_ok_0_9235.jpeg,train,ok_front,512,512,JPEG
train/ok_front/aug_29_cast_ok_0_1018.jpeg,train,ok_front,512,512,JPEG
train/ok_front/cast_ok_0_2235.jpeg,train,ok_front,512,512,JPEG
train/ok_front/cast_ok_0_2541.jpeg,train,ok_front,512,512,JPEG
train/ok_front/aug_4_cast_ok_0_7773.jpeg,train,ok_front,512,512,JPEG
train/ok_front/aug_127_cast_ok_0_4579.jpeg,train,ok_front,512,512,JPEG
train/ok_front/cast_ok_0_7519.jpeg,train,ok_front,512,512,JPEG
train/ok_front/cast_ok_0_4450.jpeg,train,ok_front,512,512,JPEG
train/ok_front/cast_ok_0_5548.jpeg,train,ok_front,512,512,JPEG
train/ok_front/cast_ok_0_2046.jpeg,train,ok_front,512,512,JPEG
train/ok_front/aug_76_cast_ok_0_7342.jpeg,train,ok_front,512,512,JPEG
train/ok_front/cast_ok_0_4358.jpeg,train,ok_front,512,512,JPEG
train/ok_front/cast_ok_0_4597.jpeg,train,ok_front,512,512,JPEG
train/ok_front/cast_ok_0_3966.jpeg,train,ok_front,512,512,JPEG
train/ok_front/cast_ok_0_6477.jpeg,train,ok_front,512,512,JPEG
train/ok_front/cast_ok_0_6579.jpeg,train,ok_front,512,512,JPEG
train/ok_front/cast_ok_0_423.jpeg,train,ok_front,512,512,JPEG
train/ok_front/cast_ok_0_3870.jpeg,train,ok_front,512,512,JPEG
train/ok_front/cast_ok_0_3214.jpeg,train,ok_front,512,512,JPEG
train/ok_front/cast_ok_0_3449.jpeg,train,ok_front,512,512,JPEG
train/ok_front/cast_ok_0_8466.jpeg,train,ok_front,512,512,JPEG
train/ok_front/cast_ok_0_1936.jpeg,train,ok_front,512,512,JPEG
train/ok_front/cast_ok_0_352.jpeg,train,ok_front,512,512,JPEG
train/ok_front/aug_122_cast_ok_0_586.jpeg,train,ok_front,512,512,JPEG
train/ok_front/cast_ok_0_3106.jpeg,train,ok_front,512,512,JPEG
train/ok_front/cast_ok_0_5141.jpeg,train,ok_front,512,512,JPEG
train/ok_front/aug_47_cast_ok_0_8440.jpeg,train,ok_front,512,512,JPEG
train/ok_front/cast_ok_0_6788.jpeg,train,ok_front,512,512,JPEG
train/ok_front/cast_ok_0_6250.jpeg,train,ok_front,512,512,JPEG
train/ok_front/aug_156_cast_ok_0_2180.jpeg,train,ok_front,512,512,JPEG
train/ok_front/cast_ok_0_833.jpeg,train,ok_front,512,512,JPEG
train/ok_front/cast_ok_0_4201.jpeg,train,ok_front,512,512,JPEG
train/ok_front/aug_82_cast_ok_0_5604.jpeg,train,ok_front,512,512,JPEG
train/ok_front/aug_74_cast_ok_0_9990.jpeg,train,ok_front,512,512,JPEG
train/ok_front/cast_ok_0_8166.jpeg,train,ok_front,512,512,JPEG
train/ok_front/cast_ok_0_6529.jpeg,train,ok_front,512,512,JPEG
train/ok_front/cast_ok_0_8974.jpeg,train,ok_front,512,512,JPEG
train/ok_front/aug_1_cast_ok_0_775.jpeg,train,ok_front,512,512,JPEG
train/ok_front/cast_ok_0_9367.jpeg,train,ok_front,512,512,JPEG
train/ok_front/cast_ok_0_6449.jpeg,train,ok_front,512,512,JPEG
train/ok_front/aug_72_cast_ok_0_4201.jpeg,train,ok_front,512,512,JPEG
train/ok_front/cast_ok_0_7005.jpeg,train,ok_front,512,512,JPEG
train/ok_front/cast_ok_0_4031.jpeg,train,ok_front,512,512,JPEG
train/ok_front/cast_ok_0_9771.jpeg,train,ok_front,512,512,JPEG
train/ok_front/cast_ok_0_1853.jpeg,train,ok_front,512,512,JPEG
train/ok_front/cast_ok_0_1028.jpeg,train,ok_front,512,512,JPEG
train/ok_front/cast_ok_0_9136.jpeg,train,ok_front,512,512,JPEG
train/ok_front/cast_ok_0_7445.jpeg,train,ok_front,512,512,JPEG
train/ok_front/aug_166_cast_ok_0_7357.jpeg,train,ok_front,512,512,JPEG
train/ok_front/aug_33_cast_ok_0_3897.jpeg,train,ok_front,512,512,JPEG
train/ok_front/cast_ok_0_7342.jpeg,train,ok_front,512,512,JPEG
train/ok_front/aug_142_cast_ok_0_9193.jpeg,train,ok_front,512,512,JPEG
train/ok_front/aug_121_cast_ok_0_1761.jpeg,train,ok_front,512,512,JPEG
train/ok_front/cast_ok_0_3304.jpeg,train,ok_front,512,512,JPEG
train/ok_front/aug_163_cast_ok_0_1028.jpeg,train,ok_front,512,512,JPEG
train/ok_front/cast_ok_0_1207.jpeg,train,ok_front,512,512,JPEG
train/ok_front/cast_ok_0_2722.jpeg,train,ok_front,512,512,JPEG
train/ok_front/aug_148_cast_ok_0_8208.jpeg,train,ok_front,512,512,JPEG
train/ok_front/cast_ok_0_5310.jpeg,train,ok_front,512,512,JPEG
train/ok_front/aug_12_cast_ok_0_775.jpeg,train,ok_front,512,512,JPEG
train/ok_front/cast_ok_0_638.jpeg,train,ok_front,512,512,JPEG
train/ok_front/cast_ok_0_4579.jpeg,train,ok_front,512,512,JPEG
train/ok_front/cast_ok_0_7523.jpeg,train,ok_front,512,512,JPEG
train/ok_front/aug_19_cast_ok_0_7366.jpeg,train,ok_front,512,512,JPEG
train/ok_front/cast_ok_0_9734.jpeg,train,ok_front,512,512,JPEG
train/ok_front/cast_ok_0_9150.jpeg,train,ok_front,512,512,JPEG
train/ok_front/aug_103_cast_ok_0_4059.jpeg,train,ok_front,512,512,JPEG
train/ok_front/aug_49_cast_ok_0_7604.jpeg,train,ok_front,512,512,JPEG
train/ok_front/cast_ok_0_9260.jpeg,train,ok_front,512,512,JPEG
train/ok_front/cast_ok_0_2643.jpeg,train,ok_front,512,512,JPEG
train/ok_front/cast_ok_0_4223.jpeg,train,ok_front,512,512,JPEG
train/ok_front/cast_ok_0_2746.jpeg,train,ok_front,512,512,JPEG
train/ok_front/cast_ok_0_1445.jpeg,train,ok_front,512,512,JPEG
train/ok_front/cast_ok_0_5465.jpeg,train,ok_front,512,512,JPEG
train/ok_front/cast_ok_0_1344.jpeg,train,ok_front,512,512,JPEG
train/ok_front/cast_ok_0_5625.jpeg,train,ok_front,512,512,JPEG
train/ok_front/aug_134_cast_ok_0_6295.jpeg,train,ok_front,512,512,JPEG
train/ok_front/aug_57_cast_ok_0_4630.jpeg,train,ok_front,512,512,JPEG
train/ok_front/aug_153_cast_ok_0_3025.jpeg,train,ok_front,512,512,JPEG
train/ok_front/aug_68_cast_ok_0_2394.jpeg,train,ok_front,512,512,JPEG
train/ok_front/cast_ok_0_3136.jpeg,train,ok_front,512,512,JPEG
train/ok_front/cast_ok_0_6869.jpeg,train,ok_front,512,512,JPEG
train/ok_front/cast_ok_0_1756.jpeg,train,ok_front,512,512,JPEG
train/ok_front/cast_ok_0_7195.jpeg,train,ok_front,512,512,JPEG
train/ok_front/cast_ok_0_3897.jpeg,train,ok_front,512,512,JPEG
train/ok_front/cast_ok_0_8930.jpeg,train,ok_front,512,512,JPEG
train/ok_front/cast_ok_0_9224.jpeg,train,ok_front,512,512,JPEG
train/ok_front/cast_ok_0_8496.jpeg,train,ok_front,512,512,JPEG
train/ok_front/cast_ok_0_3102.jpeg,train,ok_front,512,512,JPEG
train/ok_front/aug_59_cast_ok_0_1665.jpeg,train,ok_front,512,512,JPEG
train/ok_front/aug_111_cast_ok_0_1634.jpeg,train,ok_front,512,512,JPEG
train/ok_front/aug_80_cast_ok_0_6149.jpeg,train,ok_front,512,512,JPEG
train/ok_front/cast_ok_0_1362.jpeg,train,ok_front,512,512,JPEG
train/ok_front/cast_ok_0_8021.jpeg,train,ok_front,512,512,JPEG
train/ok_front/cast_ok_0_2268.jpeg,train,ok_front,512,512,JPEG
train/ok_front/cast_ok_0_129.jpeg,train,ok_front,512,512,JPEG
train/ok_front/aug_70_cast_ok_0_3916.jpeg,train,ok_front,512,512,JPEG
train/ok_front/aug_32_cast_ok_0_4059.jpeg,train,ok_front,512,512,JPEG
train/ok_front/cast_ok_0_872.jpeg,train,ok_front,512,512,JPEG
train/ok_front/aug_77_cast_ok_0_5576.jpeg,train,ok_front,512,512,JPEG
train/ok_front/aug_64_cast_ok_0_6579.jpeg,train,ok_front,512,512,JPEG
val/def_front/cast_def_0_5267.jpeg,val,def_front,512,512,JPEG
val/def_front/cast_def_0_3735.jpeg,val,def_front,512,512,JPEG
val/def_front/cast_def_0_1534.jpeg,val,def_front,512,512,JPEG
val/def_front/cast_def_0_2450.jpeg,val,def_front,512,512,JPEG
val/def_front/cast_def_0_8719.jpeg,val,def_front,512,512,JPEG
val/def_front/cast_def_0_494.jpeg,val,def_front,512,512,JPEG
val/def_front/cast_def_0_9877.jpeg,val,def_front,512,512,JPEG
val/def_front/cast_def_0_255.jpeg,val,def_front,512,512,JPEG
val/def_front/cast_def_0_8785.jpeg,val,def_front,512,512,JPEG
val/def_front/cast_def_0_6564.jpeg,val,def_front,512,512,JPEG
val/def_front/cast_def_0_7521.jpeg,val,def_front,512,512,JPEG
val/def_front/cast_def_0_8451.jpeg,val,def_front,512,512,JPEG
val/def_front/cast_def_0_6062.jpeg,val,def_front,512,512,JPEG
val/def_front/cast_def_0_5185.jpeg,val,def_front,512,512,JPEG
val/def_front/cast_def_0_3457.jpeg,val,def_front,512,512,JPEG
val/def_front/cast_def_0_7080.jpeg,val,def_front,512,512,JPEG
val/def_front/cast_def_0_744.jpeg,val,def_front,512,512,JPEG
val/def_front/cast_def_0_1969.jpeg,val,def_front,512,512,JPEG
val/def_front/cast_def_0_6869.jpeg,val,def_front,512,512,JPEG
val/def_front/cast_def_0_8899.jpeg,val,def_front,512,512,JPEG
val/def_front/cast_def_0_5851.jpeg,val,def_front,512,512,JPEG
val/def_front/cast_def_0_100.jpeg,val,def_front,512,512,JPEG
val/def_front/cast_def_0_4239.jpeg,val,def_front,512,512,JPEG
val/def_front/cast_def_0_3362.jpeg,val,def_front,512,512,JPEG
val/def_front/cast_def_0_0.jpeg,val,def_front,512,512,JPEG
val/def_front/cast_def_0_6010.jpeg,val,def_front,512,512,JPEG
val/def_front/cast_def_0_7410.jpeg,val,def_front,512,512,JPEG
val/def_front/cast_def_0_7779.jpeg,val,def_front,512,512,JPEG
val/def_front/cast_def_0_1381.jpeg,val,def_front,512,512,JPEG
val/def_front/cast_def_0_5128.jpeg,val,def_front,512,512,JPEG
val/def_front/cast_def_0_880.jpeg,val,def_front,512,512,JPEG
val/def_front/cast_def_0_5218.jpeg,val,def_front,512,512,JPEG
val/def_front/cast_def_0_8405.jpeg,val,def_front,512,512,JPEG
val/def_front/cast_def_0_9328.jpeg,val,def_front,512,512,JPEG
val/def_front/cast_def_0_3396.jpeg,val,def_front,512,512,JPEG
val/def_front/cast_def_0_4484.jpeg,val,def_front,512,512,JPEG
val/def_front/cast_def_0_2426.jpeg,val,def_front,512,512,JPEG
val/def_front/cast_def_0_6959.jpeg,val,def_front,512,512,JPEG
val/def_front/cast_def_0_5545.jpeg,val,def_front,512,512,JPEG
val/def_front/cast_def_0_1800.jpeg,val,def_front,512,512,JPEG
val/def_front/cast_def_0_6860.jpeg,val,def_front,512,512,JPEG
val/def_front/cast_def_0_9025.jpeg,val,def_front,512,512,JPEG
val/def_front/cast_def_0_3793.jpeg,val,def_front,512,512,JPEG
val/def_front/cast_def_0_767.jpeg,val,def_front,512,512,JPEG
val/def_front/cast_def_0_9060.jpeg,val,def_front,512,512,JPEG
val/def_front/cast_def_0_354.jpeg,val,def_front,512,512,JPEG
val/def_front/cast_def_0_7232.jpeg,val,def_front,512,512,JPEG
val/def_front/cast_def_0_238.jpeg,val,def_front,512,512,JPEG
val/def_front/cast_def_0_8208.jpeg,val,def_front,512,512,JPEG
val/def_front/cast_def_0_6184.jpeg,val,def_front,512,512,JPEG
val/def_front/cast_def_0_6863.jpeg,val,def_front,512,512,JPEG
val/def_front/cast_def_0_6272.jpeg,val,def_front,512,512,JPEG
val/def_front/cast_def_0_1794.jpeg,val,def_front,512,512,JPEG
val/def_front/cast_def_0_2284.jpeg,val,def_front,512,512,JPEG
val/def_front/cast_def_0_7431.jpeg,val,def_front,512,512,JPEG
val/def_front/cast_def_0_1729.jpeg,val,def_front,512,512,JPEG
val/def_front/cast_def_0_8278.jpeg,val,def_front,512,512,JPEG
val/def_front/cast_def_0_6173.jpeg,val,def_front,512,512,JPEG
val/def_front/cast_def_0_7510.jpeg,val,def_front,512,512,JPEG
val/def_front/cast_def_0_6417.jpeg,val,def_front,512,512,JPEG
val/def_front/cast_def_0_8529.jpeg,val,def_front,512,512,JPEG
val/def_front/cast_def_0_369.jpeg,val,def_front,512,512,JPEG
val/def_front/cast_def_0_4026.jpeg,val,def_front,512,512,JPEG
val/def_front/cast_def_0_1715.jpeg,val,def_front,512,512,JPEG
val/def_front/cast_def_0_337.jpeg,val,def_front,512,512,JPEG
val/def_front/cast_def_0_9339.jpeg,val,def_front,512,512,JPEG
val/def_front/cast_def_0_7198.jpeg,val,def_front,512,512,JPEG
val/def_front/cast_def_0_4407.jpeg,val,def_front,512,512,JPEG
val/def_front/cast_def_0_4574.jpeg,val,def_front,512,512,JPEG
val/def_front/cast_def_0_734.jpeg,val,def_front,512,512,JPEG
val/def_front/cast_def_0_556.jpeg,val,def_front,512,512,JPEG
val/def_front/cast_def_0_9206.jpeg,val,def_front,512,512,JPEG
val/def_front/cast_def_0_2663.jpeg,val,def_front,512,512,JPEG
val/def_front/cast_def_0_3949.jpeg,val,def_front,512,512,JPEG
val/def_front/cast_def_0_2437.jpeg,val,def_front,512,512,JPEG
val/def_front/cast_def_0_6563.jpeg,val,def_front,512,512,JPEG
val/def_front/cast_def_0_3818.jpeg,val,def_front,512,512,JPEG
val/def_front/cast_def_0_7074.jpeg,val,def_front,512,512,JPEG
val/def_front/cast_def_0_9963.jpeg,val,def_front,512,512,JPEG
val/def_front/cast_def_0_9780.jpeg,val,def_front,512,512,JPEG
val/def_front/cast_def_0_2480.jpeg,val,def_front,512,512,JPEG
val/def_front/cast_def_0_5034.jpeg,val,def_front,512,512,JPEG
val/def_front/cast_def_0_7468.jpeg,val,def_front,512,512,JPEG
val/def_front/cast_def_0_9591.jpeg,val,def_front,512,512,JPEG
val/def_front/cast_def_0_6836.jpeg,val,def_front,512,512,JPEG
val/def_front/cast_def_0_5029.jpeg,val,def_front,512,512,JPEG
val/def_front/cast_def_0_8954.jpeg,val,def_front,512,512,JPEG
val/def_front/cast_def_0_2003.jpeg,val,def_front,512,512,JPEG
val/def_front/cast_def_0_9068.jpeg,val,def_front,512,512,JPEG
val/def_front/cast_def_0_8152.jpeg,val,def_front,512,512,JPEG
val/def_front/cast_def_0_7924.jpeg,val,def_front,512,512,JPEG
val/def_front/cast_def_0_93.jpeg,val,def_front,512,512,JPEG
val/def_front/cast_def_0_3285.jpeg,val,def_front,512,512,JPEG
val/def_front/cast_def_0_7040.jpeg,val,def_front,512,512,JPEG
val/def_front/cast_def_0_808.jpeg,val,def_front,512,512,JPEG
val/def_front/cast_def_0_5842.jpeg,val,def_front,512,512,JPEG
val/def_front/cast_def_0_127.jpeg,val,def_front,512,512,JPEG
val/def_front/cast_def_0_9520.jpeg,val,def_front,512,512,JPEG
val/def_front/cast_def_0_1721.jpeg,val,def_front,512,512,JPEG
val/def_front/cast_def_0_3341.jpeg,val,def_front,512,512,JPEG
val/def_front/cast_def_0_3199.jpeg,val,def_front,512,512,JPEG
val/def_front/cast_def_0_2096.jpeg,val,def_front,512,512,JPEG
val/def_front/cast_def_0_94.jpeg,val,def_front,512,512,JPEG
val/def_front/cast_def_0_2305.jpeg,val,def_front,512,512,JPEG
val/def_front/cast_def_0_3569.jpeg,val,def_front,512,512,JPEG
val/def_front/cast_def_0_5809.jpeg,val,def_front,512,512,JPEG
val/def_front/cast_def_0_4093.jpeg,val,def_front,512,512,JPEG
val/def_front/cast_def_0_2388.jpeg,val,def_front,512,512,JPEG
val/def_front/cast_def_0_2234.jpeg,val,def_front,512,512,JPEG
val/def_front/cast_def_0_9163.jpeg,val,def_front,512,512,JPEG
val/def_front/cast_def_0_9079.jpeg,val,def_front,512,512,JPEG
val/def_front/cast_def_0_6536.jpeg,val,def_front,512,512,JPEG
val/def_front/cast_def_0_180.jpeg,val,def_front,512,512,JPEG
val/def_front/cast_def_0_2.jpeg,val,def_front,512,512,JPEG
val/def_front/cast_def_0_7933.jpeg,val,def_front,512,512,JPEG
val/def_front/cast_def_0_5572.jpeg,val,def_front,512,512,JPEG
val/def_front/cast_def_0_146.jpeg,val,def_front,512,512,JPEG
val/def_front/cast_def_0_8646.jpeg,val,def_front,512,512,JPEG
val/def_front/cast_def_0_335.jpeg,val,def_front,512,512,JPEG
val/def_front/cast_def_0_3460.jpeg,val,def_front,512,512,JPEG
val/def_front/cast_def_0_1055.jpeg,val,def_front,512,512,JPEG
val/def_front/cast_def_0_2515.jpeg,val,def_front,512,512,JPEG
val/def_front/cast_def_0_9477.jpeg,val,def_front,512,512,JPEG
val/def_front/cast_def_0_3220.jpeg,val,def_front,512,512,JPEG
val/def_front/cast_def_0_5014.jpeg,val,def_front,512,512,JPEG
val/def_front/cast_def_0_8631.jpeg,val,def_front,512,512,JPEG
val/def_front/cast_def_0_9687.jpeg,val,def_front,512,512,JPEG
val/def_front/cast_def_0_4816.jpeg,val,def_front,512,512,JPEG
val/def_front/cast_def_0_8766.jpeg,val,def_front,512,512,JPEG
val/def_front/cast_def_0_7694.jpeg,val,def_front,512,512,JPEG
val/def_front/cast_def_0_6244.jpeg,val,def_front,512,512,JPEG
val/def_front/cast_def_0_7360.jpeg,val,def_front,512,512,JPEG
val/def_front/cast_def_0_1616.jpeg,val,def_front,512,512,JPEG
val/def_front/cast_def_0_3617.jpeg,val,def_front,512,512,JPEG
val/def_front/cast_def_0_9021.jpeg,val,def_front,512,512,JPEG
val/def_front/cast_def_0_9474.jpeg,val,def_front,512,512,JPEG
val/def_front/cast_def_0_4264.jpeg,val,def_front,512,512,JPEG
val/def_front/cast_def_0_6035.jpeg,val,def_front,512,512,JPEG
val/def_front/cast_def_0_9475.jpeg,val,def_front,512,512,JPEG
val/def_front/cast_def_0_1159.jpeg,val,def_front,512,512,JPEG
val/def_front/cast_def_0_3867.jpeg,val,def_front,512,512,JPEG
val/def_front/cast_def_0_9180.jpeg,val,def_front,512,512,JPEG
val/def_front/cast_def_0_7996.jpeg,val,def_front,512,512,JPEG
val/def_front/cast_def_0_6817.jpeg,val,def_front,512,512,JPEG
val/def_front/cast_def_0_7593.jpeg,val,def_front,512,512,JPEG
val/def_front/cast_def_0_7336.jpeg,val,def_front,512,512,JPEG
val/def_front/cast_def_0_5530.jpeg,val,def_front,512,512,JPEG
val/def_front/cast_def_0_2701.jpeg,val,def_front,512,512,JPEG
val/def_front/cast_def_0_4453.jpeg,val,def_front,512,512,JPEG
val/def_front/cast_def_0_7998.jpeg,val,def_front,512,512,JPEG
val/def_front/cast_def_0_1831.jpeg,val,def_front,512,512,JPEG
val/def_front/cast_def_0_4034.jpeg,val,def_front,512,512,JPEG
val/def_front/cast_def_0_33.jpeg,val,def_front,512,512,JPEG
val/def_front/cast_def_0_7782.jpeg,val,def_front,512,512,JPEG
val/def_front/cast_def_0_5205.jpeg,val,def_front,512,512,JPEG
val/def_front/cast_def_0_2299.jpeg,val,def_front,512,512,JPEG
val/ok_front/cast_ok_0_4697.jpeg,val,ok_front,512,512,JPEG
val/ok_front/cast_ok_0_6119.jpeg,val,ok_front,512,512,JPEG
val/ok_front/cast_ok_0_7194.jpeg,val,ok_front,512,512,JPEG
val/ok_front/cast_ok_0_6644.jpeg,val,ok_front,512,512,JPEG
val/ok_front/cast_ok_0_7419.jpeg,val,ok_front,512,512,JPEG
val/ok_front/cast_ok_0_5609.jpeg,val,ok_front,512,512,JPEG
val/ok_front/cast_ok_0_2867.jpeg,val,ok_front,512,512,JPEG
val/ok_front/cast_ok_0_583.jpeg,val,ok_front,512,512,JPEG
val/ok_front/cast_ok_0_9647.jpeg,val,ok_front,512,512,JPEG
val/ok_front/cast_ok_0_9732.jpeg,val,ok_front,512,512,JPEG
val/ok_front/cast_ok_0_3984.jpeg,val,ok_front,512,512,JPEG
val/ok_front/cast_ok_0_805.jpeg,val,ok_front,512,512,JPEG
val/ok_front/cast_ok_0_8540.jpeg,val,ok_front,512,512,JPEG
val/ok_front/cast_ok_0_3186.jpeg,val,ok_front,512,512,JPEG
val/ok_front/cast_ok_0_1192.jpeg,val,ok_front,512,512,JPEG
val/ok_front/cast_ok_0_119.jpeg,val,ok_front,512,512,JPEG
val/ok_front/cast_ok_0_7112.jpeg,val,ok_front,512,512,JPEG
val/ok_front/cast_ok_0_8875.jpeg,val,ok_front,512,512,JPEG
val/ok_front/cast_ok_0_5929.jpeg,val,ok_front,512,512,JPEG
val/ok_front/cast_ok_0_6773.jpeg,val,ok_front,512,512,JPEG
val/ok_front/cast_ok_0_4773.jpeg,val,ok_front,512,512,JPEG
val/ok_front/cast_ok_0_4141.jpeg,val,ok_front,512,512,JPEG
val/ok_front/cast_ok_0_4736.jpeg,val,ok_front,512,512,JPEG
val/ok_front/cast_ok_0_4799.jpeg,val,ok_front,512,512,JPEG
val/ok_front/cast_ok_0_9202.jpeg,val,ok_front,512,512,JPEG
val/ok_front/cast_ok_0_2060.jpeg,val,ok_front,512,512,JPEG
val/ok_front/cast_ok_0_5728.jpeg,val,ok_front,512,512,JPEG
val/ok_front/cast_ok_0_3736.jpeg,val,ok_front,512,512,JPEG
val/ok_front/cast_ok_0_5148.jpeg,val,ok_front,512,512,JPEG
val/ok_front/cast_ok_0_6236.jpeg,val,ok_front,512,512,JPEG
val/ok_front/cast_ok_0_4944.jpeg,val,ok_front,512,512,JPEG
val/ok_front/cast_ok_0_968.jpeg,val,ok_front,512,512,JPEG
val/ok_front/cast_ok_0_5077.jpeg,val,ok_front,512,512,JPEG
val/ok_front/cast_ok_0_4247.jpeg,val,ok_front,512,512,JPEG
val/ok_front/cast_ok_0_1959.jpeg,val,ok_front,512,512,JPEG
val/ok_front/cast_ok_0_6864.jpeg,val,ok_front,512,512,JPEG
val/ok_front/cast_ok_0_3820.jpeg,val,ok_front,512,512,JPEG
val/ok_front/cast_ok_0_5003.jpeg,val,ok_front,512,512,JPEG
val/ok_front/cast_ok_0_601.jpeg,val,ok_front,512,512,JPEG
val/ok_front/cast_ok_0_6567.jpeg,val,ok_front,512,512,JPEG
val/ok_front/cast_ok_0_1933.jpeg,val,ok_front,512,512,JPEG
val/ok_front/cast_ok_0_9516.jpeg,val,ok_front,512,512,JPEG
val/ok_front/cast_ok_0_5447.jpeg,val,ok_front,512,512,JPEG
val/ok_front/cast_ok_0_9393.jpeg,val,ok_front,512,512,JPEG
val/ok_front/cast_ok_0_7872.jpeg,val,ok_front,512,512,JPEG
val/ok_front/cast_ok_0_2005.jpeg,val,ok_front,512,512,JPEG
val/ok_front/cast_ok_0_35.jpeg,val,ok_front,512,512,JPEG
val/ok_front/cast_ok_0_2351.jpeg,val,ok_front,512,512,JPEG
val/ok_front/cast_ok_0_8034.jpeg,val,ok_front,512,512,JPEG
val/ok_front/cast_ok_0_2967.jpeg,val,ok_front,512,512,JPEG
val/ok_front/cast_ok_0_2605.jpeg,val,ok_front,512,512,JPEG
val/ok_front/cast_ok_0_7741.jpeg,val,ok_front,512,512,JPEG
val/ok_front/cast_ok_0_7271.jpeg,val,ok_front,512,512,JPEG
val/ok_front/cast_ok_0_7171.jpeg,val,ok_front,512,512,JPEG
val/ok_front/cast_ok_0_1755.jpeg,val,ok_front,512,512,JPEG
val/ok_front/cast_ok_0_6134.jpeg,val,ok_front,512,512,JPEG
val/ok_front/cast_ok_0_8127.jpeg,val,ok_front,512,512,JPEG
val/ok_front/cast_ok_0_2244.jpeg,val,ok_front,512,512,JPEG
val/ok_front/cast_ok_0_7573.jpeg,val,ok_front,512,512,JPEG
val/ok_front/cast_ok_0_6474.jpeg,val,ok_front,512,512,JPEG
val/ok_front/cast_ok_0_7157.jpeg,val,ok_front,512,512,JPEG
val/ok_front/cast_ok_0_9008.jpeg,val,ok_front,512,512,JPEG
val/ok_front/cast_ok_0_8776.jpeg,val,ok_front,512,512,JPEG
val/ok_front/cast_ok_0_7690.jpeg,val,ok_front,512,512,JPEG
val/ok_front/cast_ok_0_6940.jpeg,val,ok_front,512,512,JPEG
val/ok_front/cast_ok_0_4413.jpeg,val,ok_front,512,512,JPEG
val/ok_front/cast_ok_0_8580.jpeg,val,ok_front,512,512,JPEG
val/ok_front/cast_ok_0_6738.jpeg,val,ok_front,512,512,JPEG
val/ok_front/cast_ok_0_1879.jpeg,val,ok_front,512,512,JPEG
val/ok_front/cast_ok_0_7609.jpeg,val,ok_front,512,512,JPEG
val/ok_front/cast_ok_0_6239.jpeg,val,ok_front,512,512,JPEG
val/ok_front/cast_ok_0_3812.jpeg,val,ok_front,512,512,JPEG
val/ok_front/cast_ok_0_4958.jpeg,val,ok_front,512,512,JPEG
val/ok_front/cast_ok_0_6922.jpeg,val,ok_front,512,512,JPEG
val/ok_front/cast_ok_0_1491.jpeg,val,ok_front,512,512,JPEG
val/ok_front/cast_ok_0_591.jpeg,val,ok_front,512,512,JPEG
val/ok_front/cast_ok_0_3338.jpeg,val,ok_front,512,512,JPEG
val/ok_front/cast_ok_0_9395.jpeg,val,ok_front,512,512,JPEG
val/ok_front/cast_ok_0_1102.jpeg,val,ok_front,512,512,JPEG
val/ok_front/cast_ok_0_8438.jpeg,val,ok_front,512,512,JPEG
val/ok_front/cast_ok_0_8723.jpeg,val,ok_front,512,512,JPEG
val/ok_front/cast_ok_0_6679.jpeg,val,ok_front,512,512,JPEG
val/ok_front/cast_ok_0_3181.jpeg,val,ok_front,512,512,JPEG
val/ok_front/cast_ok_0_2315.jpeg,val,ok_front,512,512,JPEG
val/ok_front/cast_ok_0_6092.jpeg,val,ok_front,512,512,JPEG
val/ok_front/cast_ok_0_2288.jpeg,val,ok_front,512,512,JPEG
val/ok_front/cast_ok_0_5588.jpeg,val,ok_front,512,512,JPEG
val/ok_front/cast_ok_0_9360.jpeg,val,ok_front,512,512,JPEG
val/ok_front/cast_ok_0_7487.jpeg,val,ok_front,512,512,JPEG
val/ok_front/cast_ok_0_9173.jpeg,val,ok_front,512,512,JPEG
val/ok_front/cast_ok_0_5687.jpeg,val,ok_front,512,512,JPEG
val/ok_front/cast_ok_0_2997.jpeg,val,ok_front,512,512,JPEG
val/ok_front/cast_ok_0_5738.jpeg,val,ok_front,512,512,JPEG
val/ok_front/cast_ok_0_4821.jpeg,val,ok_front,512,512,JPEG
val/ok_front/cast_ok_0_766.jpeg,val,ok_front,512,512,JPEG
val/ok_front/cast_ok_0_5852.jpeg,val,ok_front,512,512,JPEG
val/ok_front/cast_ok_0_7511.jpeg,val,ok_front,512,512,JPEG
val/ok_front/cast_ok_0_2379.jpeg,val,ok_front,512,512,JPEG
val/ok_front/cast_ok_0_2525.jpeg,val,ok_front,512,512,JPEG
val/ok_front/cast_ok_0_1450.jpeg,val,ok_front,512,512,JPEG
val/ok_front/cast_ok_0_7338.jpeg,val,ok_front,512,512,JPEG
val/ok_front/cast_ok_0_5045.jpeg,val,ok_front,512,512,JPEG
val/ok_front/cast_ok_0_3465.jpeg,val,ok_front,512,512,JPEG
val/ok_front/cast_ok_0_4965.jpeg,val,ok_front,512,512,JPEG
test/def_front/cast_def_0_8149.jpeg,test,def_front,512,512,JPEG
test/def_front/cast_def_0_2220.jpeg,test,def_front,512,512,JPEG
test/def_front/cast_def_0_8115.jpeg,test,def_front,512,512,JPEG
test/def_front/cast_def_0_9683.jpeg,test,def_front,512,512,JPEG
test/def_front/cast_def_0_3882.jpeg,test,def_front,512,512,JPEG
test/def_front/cast_def_0_9643.jpeg,test,def_front,512,512,JPEG
test/def_front/cast_def_0_7844.jpeg,test,def_front,512,512,JPEG
test/def_front/cast_def_0_311.jpeg,test,def_front,512,512,JPEG
test/def_front/cast_def_0_3480.jpeg,test,def_front,512,512,JPEG
test/def_front/cast_def_0_3265.jpeg,test,def_front,512,512,JPEG
test/def_front/cast_def_0_619.jpeg,test,def_front,512,512,JPEG
test/def_front/cast_def_0_6112.jpeg,test,def_front,512,512,JPEG
test/def_front/cast_def_0_318.jpeg,test,def_front,512,512,JPEG
test/def_front/cast_def_0_3394.jpeg,test,def_front,512,512,JPEG
test/def_front/cast_def_0_9098.jpeg,test,def_front,512,512,JPEG
test/def_front/cast_def_0_5700.jpeg,test,def_front,512,512,JPEG
test/def_front/cast_def_0_2422.jpeg,test,def_front,512,512,JPEG
test/def_front/cast_def_0_1261.jpeg,test,def_front,512,512,JPEG
test/def_front/cast_def_0_1192.jpeg,test,def_front,512,512,JPEG
test/def_front/cast_def_0_1532.jpeg,test,def_front,512,512,JPEG
test/def_front/cast_def_0_6193.jpeg,test,def_front,512,512,JPEG
test/def_front/cast_def_0_5573.jpeg,test,def_front,512,512,JPEG
test/def_front/cast_def_0_2485.jpeg,test,def_front,512,512,JPEG
test/def_front/cast_def_0_7126.jpeg,test,def_front,512,512,JPEG
test/def_front/cast_def_0_5214.jpeg,test,def_front,512,512,JPEG
test/def_front/cast_def_0_9188.jpeg,test,def_front,512,512,JPEG
test/def_front/cast_def_0_6011.jpeg,test,def_front,512,512,JPEG
test/def_front/cast_def_0_1108.jpeg,test,def_front,512,512,JPEG
test/def_front/cast_def_0_2259.jpeg,test,def_front,512,512,JPEG
test/def_front/cast_def_0_6610.jpeg,test,def_front,512,512,JPEG
test/def_front/cast_def_0_1533.jpeg,test,def_front,512,512,JPEG
test/def_front/cast_def_0_7324.jpeg,test,def_front,512,512,JPEG
test/def_front/cast_def_0_3993.jpeg,test,def_front,512,512,JPEG
test/def_front/cast_def_0_5322.jpeg,test,def_front,512,512,JPEG
test/def_front/cast_def_0_7326.jpeg,test,def_front,512,512,JPEG
test/def_front/cast_def_0_3963.jpeg,test,def_front,512,512,JPEG
test/def_front/cast_def_0_8813.jpeg,test,def_front,512,512,JPEG
test/def_front/cast_def_0_2020.jpeg,test,def_front,512,512,JPEG
test/def_front/cast_def_0_4801.jpeg,test,def_front,512,512,JPEG
test/def_front/cast_def_0_9580.jpeg,test,def_front,512,512,JPEG
test/def_front/cast_def_0_102.jpeg,test,def_front,512,512,JPEG
test/def_front/cast_def_0_9453.jpeg,test,def_front,512,512,JPEG
test/def_front/cast_def_0_1596.jpeg,test,def_front,512,512,JPEG
test/def_front/cast_def_0_5767.jpeg,test,def_front,512,512,JPEG
test/def_front/cast_def_0_6369.jpeg,test,def_front,512,512,JPEG
test/def_front/cast_def_0_7113.jpeg,test,def_front,512,512,JPEG
test/def_front/cast_def_0_4683.jpeg,test,def_front,512,512,JPEG
test/def_front/cast_def_0_5569.jpeg,test,def_front,512,512,JPEG
test/def_front/cast_def_0_3797.jpeg,test,def_front,512,512,JPEG
test/def_front/cast_def_0_7286.jpeg,test,def_front,512,512,JPEG
test/def_front/cast_def_0_4017.jpeg,test,def_front,512,512,JPEG
test/def_front/cast_def_0_2090.jpeg,test,def_front,512,512,JPEG
test/def_front/cast_def_0_8559.jpeg,test,def_front,512,512,JPEG
test/def_front/cast_def_0_2263.jpeg,test,def_front,512,512,JPEG
test/def_front/cast_def_0_5362.jpeg,test,def_front,512,512,JPEG
test/def_front/cast_def_0_7837.jpeg,test,def_front,512,512,JPEG
test/def_front/cast_def_0_852.jpeg,test,def_front,512,512,JPEG
test/def_front/cast_def_0_4379.jpeg,test,def_front,512,512,JPEG
test/def_front/cast_def_0_7051.jpeg,test,def_front,512,512,JPEG
test/def_front/cast_def_0_7474.jpeg,test,def_front,512,512,JPEG
test/def_front/cast_def_0_2582.jpeg,test,def_front,512,512,JPEG
test/def_front/cast_def_0_7722.jpeg,test,def_front,512,512,JPEG
test/def_front/cast_def_0_1849.jpeg,test,def_front,512,512,JPEG
test/def_front/cast_def_0_3179.jpeg,test,def_front,512,512,JPEG
test/def_front/cast_def_0_9496.jpeg,test,def_front,512,512,JPEG
test/def_front/cast_def_0_4363.jpeg,test,def_front,512,512,JPEG
test/def_front/cast_def_0_8675.jpeg,test,def_front,512,512,JPEG
test/def_front/cast_def_0_2280.jpeg,test,def_front,512,512,JPEG
test/def_front/cast_def_0_702.jpeg,test,def_front,512,512,JPEG
test/def_front/cast_def_0_4908.jpeg,test,def_front,512,512,JPEG
test/def_front/cast_def_0_1777.jpeg,test,def_front,512,512,JPEG
test/def_front/cast_def_0_4932.jpeg,test,def_front,512,512,JPEG
test/def_front/cast_def_0_2014.jpeg,test,def_front,512,512,JPEG
test/def_front/cast_def_0_7503.jpeg,test,def_front,512,512,JPEG
test/def_front/cast_def_0_3978.jpeg,test,def_front,512,512,JPEG
test/def_front/cast_def_0_3856.jpeg,test,def_front,512,512,JPEG
test/def_front/cast_def_0_2733.jpeg,test,def_front,512,512,JPEG
test/def_front/cast_def_0_514.jpeg,test,def_front,512,512,JPEG
test/def_front/cast_def_0_421.jpeg,test,def_front,512,512,JPEG
test/ok_front/cast_ok_0_9850.jpeg,test,ok_front,512,512,JPEG
test/ok_front/cast_ok_0_1021.jpeg,test,ok_front,512,512,JPEG
test/ok_front/cast_ok_0_9536.jpeg,test,ok_front,512,512,JPEG
test/ok_front/cast_ok_0_3440.jpeg,test,ok_front,512,512,JPEG
test/ok_front/cast_ok_0_2100.jpeg,test,ok_front,512,512,JPEG
test/ok_front/cast_ok_0_9411.jpeg,test,ok_front,512,512,JPEG
test/ok_front/cast_ok_0_7939.jpeg,test,ok_front,512,512,JPEG
test/ok_front/cast_ok_0_3764.jpeg,test,ok_front,512,512,JPEG
test/ok_front/cast_ok_0_8664.jpeg,test,ok_front,512,512,JPEG
test/ok_front/cast_ok_0_304.jpeg,test,ok_front,512,512,JPEG
test/ok_front/cast_ok_0_2865.jpeg,test,ok_front,512,512,JPEG
test/ok_front/cast_ok_0_8511.jpeg,test,ok_front,512,512,JPEG
test/ok_front/cast_ok_0_1092.jpeg,test,ok_front,512,512,JPEG
test/ok_front/cast_ok_0_3868.jpeg,test,ok_front,512,512,JPEG
test/ok_front/cast_ok_0_9397.jpeg,test,ok_front,512,512,JPEG
test/ok_front/cast_ok_0_6160.jpeg,test,ok_front,512,512,JPEG
test/ok_front/cast_ok_0_2720.jpeg,test,ok_front,512,512,JPEG
test/ok_front/cast_ok_0_1682.jpeg,test,ok_front,512,512,JPEG
test/ok_front/cast_ok_0_2622.jpeg,test,ok_front,512,512,JPEG
test/ok_front/cast_ok_0_5191.jpeg,test,ok_front,512,512,JPEG
test/ok_front/cast_ok_0_5812.jpeg,test,ok_front,512,512,JPEG
test/ok_front/cast_ok_0_7076.jpeg,test,ok_front,512,512,JPEG
test/ok_front/cast_ok_0_623.jpeg,test,ok_front,512,512,JPEG
test/ok_front/cast_ok_0_9959.jpeg,test,ok_front,512,512,JPEG
test/ok_front/cast_ok_0_5853.jpeg,test,ok_front,512,512,JPEG
test/ok_front/cast_ok_0_7411.jpeg,test,ok_front,512,512,JPEG
test/ok_front/cast_ok_0_2117.jpeg,test,ok_front,512,512,JPEG
test/ok_front/cast_ok_0_4168.jpeg,test,ok_front,512,512,JPEG
test/ok_front/cast_ok_0_4405.jpeg,test,ok_front,512,512,JPEG
test/ok_front/cast_ok_0_1234.jpeg,test,ok_front,512,512,JPEG
test/ok_front/cast_ok_0_1644.jpeg,test,ok_front,512,512,JPEG
test/ok_front/cast_ok_0_8088.jpeg,test,ok_front,512,512,JPEG
test/ok_front/cast_ok_0_6390.jpeg,test,ok_front,512,512,JPEG
test/ok_front/cast_ok_0_8726.jpeg,test,ok_front,512,512,JPEG
test/ok_front/cast_ok_0_2992.jpeg,test,ok_front,512,512,JPEG
test/ok_front/cast_ok_0_4974.jpeg,test,ok_front,512,512,JPEG
test/ok_front/cast_ok_0_2697.jpeg,test,ok_front,512,512,JPEG
test/ok_front/cast_ok_0_9591.jpeg,test,ok_front,512,512,JPEG
test/ok_front/cast_ok_0_8429.jpeg,test,ok_front,512,512,JPEG
test/ok_front/cast_ok_0_2989.jpeg,test,ok_front,512,512,JPEG
test/ok_front/cast_ok_0_2588.jpeg,test,ok_front,512,512,JPEG
test/ok_front/cast_ok_0_4087.jpeg,test,ok_front,512,512,JPEG
test/ok_front/cast_ok_0_4010.jpeg,test,ok_front,512,512,JPEG
test/ok_front/cast_ok_0_2083.jpeg,test,ok_front,512,512,JPEG
test/ok_front/cast_ok_0_93.jpeg,test,ok_front,512,512,JPEG
test/ok_front/cast_ok_0_8616.jpeg,test,ok_front,512,512,JPEG
test/ok_front/cast_ok_0_3906.jpeg,test,ok_front,512,512,JPEG
test/ok_front/cast_ok_0_3386.jpeg,test,ok_front,512,512,JPEG
test/ok_front/cast_ok_0_6424.jpeg,test,ok_front,512,512,JPEG
test/ok_front/cast_ok_0_265.jpeg,test,ok_front,512,512,JPEG
test/ok_front/cast_ok_0_1723.jpeg,test,ok_front,512,512,JPEG
test/ok_front/cast_ok_0_327.jpeg,test,ok_front,512,512,JPEG
